VOYAGE,SAMPLE_TYPE,SAMPLE_BARCODE,PLATE_CODE,SURVEY_OPS,SAMPLE_DATETIME,SAMPLE_LATITUDE_DD,SAMPLE_LONGIDUDE_DD,SAMPLE_DEPTH_M,FISH_NO,SPCODE,SCIENTIFIC_NAME,COMMON_NAME,LENGTH_MM,LENGTH_CODE,WEIGHT_G,SEX_CODE,STAGE
IN2024_V03,muscle,10095985,B1-1A,IN2024_V03_216,25/05/2024 14:39,-36.942913,150.232886,124.7,5,37377003,Nemadactylus macropterus,Jackass Morwong,321,FL,524,,
IN2024_V03,muscle,10095997,B1-2A,IN2024_V03_216,25/05/2024 14:39,-36.942913,150.232886,124.7,3,37377003,Nemadactylus macropterus,Jackass Morwong,282,FL,392,,
IN2024_V03,muscle,10096091,B1-3A,IN2024_V03_216,25/05/2024 14:39,-36.942913,150.232886,124.7,4,37377003,Nemadactylus macropterus,Jackass Morwong,270,FL,328,,
IN2024_V03,muscle,10096121,B1-4A,IN2024_V03_216,25/05/2024 14:39,-36.942913,150.232886,124.7,2,37377003,Nemadactylus macropterus,Jackass Morwong,253,FL,250,,
IN2024_V03,muscle,10096151,B1-5A,IN2024_V03_216,25/05/2024 14:39,-36.942913,150.232886,124.7,1,37377003,Nemadactylus macropterus,Jackass Morwong,315,FL,484,,
IN2024_V03,muscle,10095174,B1-6A,IN2024_V03_223,26/05/2024 6:54,-36.860557,150.295874,144.2,5,37377003,Nemadactylus macropterus,Jackass Morwong,231,FL,182,,
IN2024_V03,muscle,10095204,B1-7A,IN2024_V03_223,26/05/2024 6:54,-36.860557,150.295874,144.2,4,37377003,Nemadactylus macropterus,Jackass Morwong,238,FL,212,,
IN2024_V03,muscle,10095508,B1-8A,IN2024_V03_223,26/05/2024 6:54,-36.860557,150.295874,144.2,3,37377003,Nemadactylus macropterus,Jackass Morwong,233,FL,202,,
IN2024_V03,muscle,10095998,B1-9A,IN2024_V03_223,26/05/2024 6:54,-36.860557,150.295874,144.2,1,37377003,Nemadactylus macropterus,Jackass Morwong,248,FL,232,,
IN2024_V03,muscle,10096064,B1-10A,IN2024_V03_223,26/05/2024 6:54,-36.860557,150.295874,144.2,2,37377003,Nemadactylus macropterus,Jackass Morwong,248,FL,220,,
IN2024_V03,muscle,10095858,B1-1B,IN2024_V03_227,26/05/2024 14:24,-36.860351,150.123467,93.44,2,37377003,Nemadactylus macropterus,Jackass Morwong,269,FL,316,F,
IN2024_V03,muscle,10095888,B1-2B,IN2024_V03_227,26/05/2024 14:24,-36.860351,150.123467,93.44,3,37377003,Nemadactylus macropterus,Jackass Morwong,313,FL,419,F,
IN2024_V03,muscle,10095918,B1-3B,IN2024_V03_227,26/05/2024 14:24,-36.860351,150.123467,93.44,4,37377003,Nemadactylus macropterus,Jackass Morwong,308,FL,487,F,
IN2024_V03,muscle,10095948,B1-4B,IN2024_V03_227,26/05/2024 14:24,-36.860351,150.123467,93.44,5,37377003,Nemadactylus macropterus,Jackass Morwong,334,FL,580,F,
IN2024_V03,muscle,10095977,B1-5B,IN2024_V03_227,26/05/2024 14:24,-36.860351,150.123467,93.44,1,37377003,Nemadactylus macropterus,Jackass Morwong,297,FL,415,M,
IN2024_V03,muscle,10097490,B1-6B,IN2024_V03_238,27/05/2024 16:10,-36.52339,150.282853,145.2,3,37377003,Nemadactylus macropterus,Jackass Morwong,230,FL,229,F,
IN2024_V03,muscle,10097499,B1-7B,IN2024_V03_238,27/05/2024 16:10,-36.52339,150.282853,145.2,4,37377003,Nemadactylus macropterus,Jackass Morwong,219,FL,192,M,
IN2024_V03,muscle,10097521,B1-8B,IN2024_V03_238,27/05/2024 16:10,-36.52339,150.282853,145.2,2,37377003,Nemadactylus macropterus,Jackass Morwong,243,FL,242,F,
IN2024_V03,muscle,10097530,B1-9B,IN2024_V03_238,27/05/2024 16:10,-36.52339,150.282853,145.2,5,37377003,Nemadactylus macropterus,Jackass Morwong,219,FL,219,M,
IN2024_V03,muscle,10097608,B1-10B,IN2024_V03_238,27/05/2024 16:10,-36.52339,150.282853,145.2,1,37377003,Nemadactylus macropterus,Jackass Morwong,257,FL,288,F,
IN2024_V03,muscle,10097319,B1-1C,IN2024_V03_244,28/05/2024 6:58,-36.396284,150.258536,128.1,1,37377003,Nemadactylus macropterus,Jackass Morwong,374,FL,848,,
IN2024_V03,muscle,10098735,B1-2C,IN2024_V03_248,28/05/2024 13:53,-36.380186,150.333916,328.5,1,37377003,Nemadactylus macropterus,Jackass Morwong,245,FL,272,,
IN2024_V03,muscle,10098684,B1-3C,IN2024_V03_256,29/05/2024 10:23,-36.26531,150.331339,142.2,1,37377003,Nemadactylus macropterus,Jackass Morwong,252,FL,240,,
IN2024_V03,muscle,10092492,B1-4C,IN2024_V03_125,14/05/2024 14:13,-37.893191,149.315162,105.4,1,37377003,Nemadactylus macropterus,Jackass Morwong,209,FL,165,F,
IN2024_V03,muscle,10093690,B1-5C,IN2024_V03_139,16/05/2024 10:54,-37.121335,150.233585,144,1,37377003,Nemadactylus macropterus,Jackass Morwong,246,FL,228,,
IN2024_V03,muscle,10093516,B1-6C,IN2024_V03_151,17/05/2024 9:53,-37.313615,150.19154,115.8,3,37377003,Nemadactylus macropterus,Jackass Morwong,251,FL,266,,
IN2024_V03,muscle,10093847,B1-7C,IN2024_V03_151,17/05/2024 9:53,-37.313615,150.19154,115.8,10,37377003,Nemadactylus macropterus,Jackass Morwong,253,FL,250,,
IN2024_V03,muscle,10093765,B1-8C,IN2024_V03_151,17/05/2024 9:53,-37.313615,150.19154,115.8,6,37377003,Nemadactylus macropterus,Jackass Morwong,254,FL,234,,
IN2024_V03,muscle,10093635,B1-9C,IN2024_V03_151,17/05/2024 9:53,-37.313615,150.19154,115.8,2,37377003,Nemadactylus macropterus,Jackass Morwong,255,FL,264,,
IN2024_V03,muscle,10095937,B1-10C,IN2024_V03_186,22/05/2024 13:45,-37.733376,150.066029,138.3,6,37377003,Nemadactylus macropterus,Jackass Morwong,269,FL,335,F,
IN2024_V03,muscle,10095847,B1-1D,IN2024_V03_186,22/05/2024 13:45,-37.733376,150.066029,138.3,3,37377003,Nemadactylus macropterus,Jackass Morwong,292,FL,436,F,
IN2024_V03,muscle,10093768,B1-2D,IN2024_V03_151,17/05/2024 9:53,-37.313615,150.19154,115.8,5,37377003,Nemadactylus macropterus,Jackass Morwong,294,FL,396,,
IN2024_V03,muscle,10093711,B1-3D,IN2024_V03_153,17/05/2024 13:43,-37.326541,150.114655,99.28,2,37377003,Nemadactylus macropterus,Jackass Morwong,296,FL,376,M,
IN2024_V03,muscle,10093970,B1-4D,IN2024_V03_141,16/05/2024 13:32,-37.140417,150.291077,197.2,1,37377003,Nemadactylus macropterus,Jackass Morwong,296,FL,410,F,
IN2024_V03,muscle,10093398,B1-5D,IN2024_V03_153,17/05/2024 13:43,-37.326541,150.114655,99.28,7,37377003,Nemadactylus macropterus,Jackass Morwong,298,FL,438,F,
IN2024_V03,muscle,10096067,B1-6D,IN2024_V03_184,22/05/2024 9:56,-37.741031,150.106897,144.5,1,37377003,Nemadactylus macropterus,Jackass Morwong,299,FL,410,F,
IN2024_V03,muscle,10093665,B1-7D,IN2024_V03_151,17/05/2024 9:53,-37.313615,150.19154,115.8,1,37377003,Nemadactylus macropterus,Jackass Morwong,299,FL,420,,
IN2024_V03,muscle,10094329,B1-8D,IN2024_V03_171,21/05/2024 6:54,-37.890447,149.987369,142.7,2,37377003,Nemadactylus macropterus,Jackass Morwong,301,FL,401,F,
IN2024_V03,muscle,10094332,B1-9D,IN2024_V03_171,21/05/2024 6:54,-37.890447,149.987369,142.7,3,37377003,Nemadactylus macropterus,Jackass Morwong,329,FL,584,,
IN2024_V03,muscle,10094157,B1-10D,IN2024_V03_171,21/05/2024 6:54,-37.890447,149.987369,142.7,6,37377003,Nemadactylus macropterus,Jackass Morwong,331,FL,554,,
IN2024_V03,muscle,10096029,B1-1E,IN2024_V03_197,23/05/2024 15:45,-37.503616,150.183697,137.1,1,37377003,Nemadactylus macropterus,Jackass Morwong,331,FL,642,M,2
IN2024_V03,muscle,10094076,B1-2E,IN2024_V03_153,17/05/2024 13:43,-37.326541,150.114655,99.28,5,37377003,Nemadactylus macropterus,Jackass Morwong,333,FL,596,F,
IN2024_V03,muscle,10094265,B1-3E,IN2024_V03_171,21/05/2024 6:54,-37.890447,149.987369,142.7,4,37377003,Nemadactylus macropterus,Jackass Morwong,337,FL,570,,
IN2024_V03,muscle,10093801,B1-4E,IN2024_V03_151,17/05/2024 9:53,-37.313615,150.19154,115.8,7,37377003,Nemadactylus macropterus,Jackass Morwong,338,FL,506,,
IN2024_V03,muscle,10093430,B1-5E,IN2024_V03_153,17/05/2024 13:43,-37.326541,150.114655,99.28,8,37377003,Nemadactylus macropterus,Jackass Morwong,350,FL,654,F,
IN2024_V03,muscle,10093638,B1-6E,IN2024_V03_153,17/05/2024 13:43,-37.326541,150.114655,99.28,9,37377003,Nemadactylus macropterus,Jackass Morwong,364,FL,804,F,
IN2024_V03,muscle,10093520,B1-7E,IN2024_V03_131,15/05/2024 8:04,-38.109721,149.321603,151.5,1,37377003,Nemadactylus macropterus,Jackass Morwong,189,FL,114,,
IN2024_V03,muscle,10092769,B1-8E,IN2024_V03_096,11/05/2024 16:10,-38.879973,148.294572,91.42,9,37377003,Nemadactylus macropterus,Jackass Morwong,195,FL,120,M,
IN2024_V03,muscle,10092863,B1-9E,IN2024_V03_096,11/05/2024 16:10,-38.879973,148.294572,91.42,5,37377003,Nemadactylus macropterus,Jackass Morwong,198,FL,150,F,
IN2024_V03,muscle,10093746,B1-10E,IN2024_V03_131,15/05/2024 8:04,-38.109721,149.321603,151.5,4,37377003,Nemadactylus macropterus,Jackass Morwong,212,FL,155,,
IN2024_V03,muscle,10094059,B1-1F,IN2024_V03_131,15/05/2024 8:04,-38.109721,149.321603,151.5,5,37377003,Nemadactylus macropterus,Jackass Morwong,222,FL,165,,
IN2024_V03,muscle,10092833,B1-2F,IN2024_V03_096,11/05/2024 16:10,-38.879973,148.294572,91.42,6,37377003,Nemadactylus macropterus,Jackass Morwong,223,FL,166,F,
IN2024_V03,muscle,10093427,B1-3F,IN2024_V03_131,15/05/2024 8:04,-38.109721,149.321603,151.5,2,37377003,Nemadactylus macropterus,Jackass Morwong,215,FL,170,,
IN2024_V03,muscle,10092398,B1-4F,IN2024_V03_096,11/05/2024 16:10,-38.879973,148.294572,91.42,3,37377003,Nemadactylus macropterus,Jackass Morwong,229,FL,176,F,
IN2024_V03,muscle,10092851,B1-5F,IN2024_V03_095,11/05/2024 13:27,-38.875465,148.413842,139.9,8,37377003,Nemadactylus macropterus,Jackass Morwong,235,FL,210,,
IN2024_V03,muscle,10092763,B1-6F,IN2024_V03_095,11/05/2024 13:27,-38.875465,148.413842,139.9,4,37377003,Nemadactylus macropterus,Jackass Morwong,246,FL,234,,
IN2024_V03,muscle,10092790,B1-7F,IN2024_V03_095,11/05/2024 13:27,-38.875465,148.413842,139.9,9,37377003,Nemadactylus macropterus,Jackass Morwong,253,FL,238,,
IN2024_V03,muscle,10092859,B1-8F,IN2024_V03_095,11/05/2024 13:27,-38.875465,148.413842,139.9,10,37377003,Nemadactylus macropterus,Jackass Morwong,254,FL,262,,
IN2024_V03,muscle,10093776,B1-9F,IN2024_V03_131,15/05/2024 8:04,-38.109721,149.321603,151.5,6,37377003,Nemadactylus macropterus,Jackass Morwong,274,FL,287,,
IN2024_V03,muscle,10092850,B1-10F,IN2024_V03_095,11/05/2024 13:27,-38.875465,148.413842,139.9,7,37377003,Nemadactylus macropterus,Jackass Morwong,270,FL,300,,
IN2024_V03,muscle,10094833,B1-1G,IN2024_V03_164,20/05/2024 11:09,-38.165202,149.652505,237.5,1,37377003,Nemadactylus macropterus,Jackass Morwong,268,FL,311,,
IN2024_V03,muscle,10093593,B1-2G,IN2024_V03_131,15/05/2024 8:04,-38.109721,149.321603,151.5,9,37377003,Nemadactylus macropterus,Jackass Morwong,282,FL,349,,
IN2024_V03,muscle,10093563,B1-3G,IN2024_V03_133,15/05/2024 11:31,-38.199809,149.307747,284.3,5,37377003,Nemadactylus macropterus,Jackass Morwong,340,FL,544,F,
IN2024_V03,muscle,10093370,B1-4G,IN2024_V03_133,15/05/2024 11:31,-38.199809,149.307747,284.3,4,37377003,Nemadactylus macropterus,Jackass Morwong,363,FL,598,,
IN2024_V03,muscle,10094036,B1-5G,IN2024_V03_133,15/05/2024 11:31,-38.199809,149.307747,284.3,10,37377003,Nemadactylus macropterus,Jackass Morwong,359,FL,604,F,
IN2024_V03,muscle,10093736,B1-6G,IN2024_V03_133,15/05/2024 11:31,-38.199809,149.307747,284.3,9,37377003,Nemadactylus macropterus,Jackass Morwong,360,FL,624,F,
IN2024_V03,muscle,10093676,B1-7G,IN2024_V03_133,15/05/2024 11:31,-38.199809,149.307747,284.3,6,37377003,Nemadactylus macropterus,Jackass Morwong,369,FL,740,F,
IN2024_V03,muscle,10093487,B1-8G,IN2024_V03_133,15/05/2024 11:31,-38.199809,149.307747,284.3,2,37377003,Nemadactylus macropterus,Jackass Morwong,397,FL,768,F,
IN2024_V03,muscle,10094803,B1-9G,IN2024_V03_164,20/05/2024 11:09,-38.165202,149.652505,237.5,2,37377003,Nemadactylus macropterus,Jackass Morwong,413,FL,1093,,
IN2023_V05,tissue,10082558,B1-10G,IN2023_V05_068,6/07/2023 14:28,-38.951603,148.328346,90.9,1,37377003,Nemadactylus macropterus,Jackass Morwong,220,FL,162,,
IN2023_V05,tissue,10083822,B1-1H,IN2023_V05_188,22/07/2023 10:55,-38.211941,149.326626,345.1,1,37377003,Nemadactylus macropterus,Jackass Morwong,326,FL,605,,
IN2023_V05,tissue,10083825,B1-2H,IN2023_V05_188,22/07/2023 10:55,-38.211941,149.326626,345.1,9,37377003,Nemadactylus macropterus,Jackass Morwong,321,FL,540,,
IN2023_V05,tissue,10083848,B1-3H,IN2023_V05_188,22/07/2023 10:55,-38.211941,149.326626,345.1,7,37377003,Nemadactylus macropterus,Jackass Morwong,334,FL,600,,
IN2023_V05,tissue,10083852,B1-4H,IN2023_V05_188,22/07/2023 10:55,-38.211941,149.326626,345.1,3,37377003,Nemadactylus macropterus,Jackass Morwong,340,FL,775,,
IN2023_V05,tissue,10083853,B1-5H,IN2023_V05_188,22/07/2023 10:55,-38.211941,149.326626,345.1,2,37377003,Nemadactylus macropterus,Jackass Morwong,364,FL,730,,
IN2023_V05,tissue,10083859,B1-6H,IN2023_V05_188,22/07/2023 10:55,-38.211941,149.326626,345.1,8,37377003,Nemadactylus macropterus,Jackass Morwong,347,FL,720,,
IN2023_V05,tissue,10083878,B1-7H,IN2023_V05_188,22/07/2023 10:55,-38.211941,149.326626,345.1,10,37377003,Nemadactylus macropterus,Jackass Morwong,350,FL,765,,
IN2023_V05,tissue,10083883,B1-8H,IN2023_V05_188,22/07/2023 10:55,-38.211941,149.326626,345.1,4,37377003,Nemadactylus macropterus,Jackass Morwong,366,FL,830,,
IN2023_V05,tissue,10083885,B1-9H,IN2023_V05_188,22/07/2023 10:55,-38.211941,149.326626,345.1,5,37377003,Nemadactylus macropterus,Jackass Morwong,327,FL,585,,
IN2023_V05,tissue,10084397,B1-10H,IN2023_V05_188,22/07/2023 10:55,-38.211941,149.326626,345.1,6,37377003,Nemadactylus macropterus,Jackass Morwong,393,FL,960,,
IN2023_V05,tissue,10083841,B1-1I,IN2023_V05_187,22/07/2023 7:30,-38.204931,149.304733,300.9,8,37377003,Nemadactylus macropterus,Jackass Morwong,326,FL,528,,
IN2023_V05,tissue,10083862,B1-2I,IN2023_V05_187,22/07/2023 7:30,-38.204931,149.304733,300.9,7,37377003,Nemadactylus macropterus,Jackass Morwong,345,FL,646,,
IN2023_V05,tissue,10083881,B1-3I,IN2023_V05_187,22/07/2023 7:30,-38.204931,149.304733,300.9,9,37377003,Nemadactylus macropterus,Jackass Morwong,259,FL,294,,
IN2023_V05,tissue,10083884,B1-4I,IN2023_V05_187,22/07/2023 7:30,-38.204931,149.304733,300.9,4,37377003,Nemadactylus macropterus,Jackass Morwong,337,FL,582,,
IN2023_V05,tissue,10083887,B1-5I,IN2023_V05_187,22/07/2023 7:30,-38.204931,149.304733,300.9,3,37377003,Nemadactylus macropterus,Jackass Morwong,306,FL,496,,
IN2023_V05,tissue,10083892,B1-6I,IN2023_V05_187,22/07/2023 7:30,-38.204931,149.304733,300.9,10,37377003,Nemadactylus macropterus,Jackass Morwong,317,FL,484,,
IN2023_V05,tissue,10083914,B1-7I,IN2023_V05_187,22/07/2023 7:30,-38.204931,149.304733,300.9,2,37377003,Nemadactylus macropterus,Jackass Morwong,341,FL,608,,
IN2023_V05,tissue,10083919,B1-8I,IN2023_V05_187,22/07/2023 7:30,-38.204931,149.304733,300.9,1,37377003,Nemadactylus macropterus,Jackass Morwong,316,FL,490,,
IN2023_V05,tissue,10084262,B1-9I,IN2023_V05_187,22/07/2023 7:30,-38.204931,149.304733,300.9,6,37377003,Nemadactylus macropterus,Jackass Morwong,336,FL,664,,
IN2023_V05,tissue,10084391,B1-10I,IN2023_V05_187,22/07/2023 7:30,-38.204931,149.304733,300.9,5,37377003,Nemadactylus macropterus,Jackass Morwong,284,FL,424,,
IN2024_V03,muscle,10091080,B1-1J,IN2024_V03_076,9/05/2024 14:46,-39.537952,148.678491,108.1,10,37377003,Nemadactylus macropterus,Jackass Morwong,229,FL,22,F,
IN2024_V03,muscle,10091082,B1-2J,IN2024_V03_076,9/05/2024 14:46,-39.537952,148.678491,108.1,8,37377003,Nemadactylus macropterus,Jackass Morwong,225,FL,22,M,
IN2024_V03,muscle,10091083,B1-3J,IN2024_V03_076,9/05/2024 14:46,-39.537952,148.678491,108.1,7,37377003,Nemadactylus macropterus,Jackass Morwong,249,FL,21,M,
IN2024_V03,muscle,10091084,B1-4J,IN2024_V03_076,9/05/2024 14:46,-39.537952,148.678491,108.1,9,37377003,Nemadactylus macropterus,Jackass Morwong,252,FL,22,F,
IN2024_V03,muscle,10091125,B1-5J,IN2024_V03_076,9/05/2024 14:46,-39.537952,148.678491,108.1,2,37377003,Nemadactylus macropterus,Jackass Morwong,200,FL,174,F,
IN2024_V03,muscle,10091126,B1-6J,IN2024_V03_076,9/05/2024 14:46,-39.537952,148.678491,108.1,4,37377003,Nemadactylus macropterus,Jackass Morwong,251,FL,315,F,
IN2024_V03,muscle,10091153,B1-7J,IN2024_V03_076,9/05/2024 14:46,-39.537952,148.678491,108.1,1,37377003,Nemadactylus macropterus,Jackass Morwong,229,FL,252,F,
IN2024_V03,muscle,10091202,B1-8J,IN2024_V03_076,9/05/2024 14:46,-39.537952,148.678491,108.1,5,37377003,Nemadactylus macropterus,Jackass Morwong,240,FL,224,F,
IN2024_V03,muscle,10091266,B1-9J,IN2024_V03_072,9/05/2024 6:55,-39.487866,148.568563,53.91,7,37377003,Nemadactylus macropterus,Jackass Morwong,254,FL,282,,
IN2024_V03,muscle,10091274,B1-10J,IN2024_V03_072,9/05/2024 6:55,-39.487866,148.568563,53.91,6,37377003,Nemadactylus macropterus,Jackass Morwong,193,FL,128,,
IN2024_V03,muscle,10091365,B2-1A,IN2024_V03_072,9/05/2024 6:55,-39.487866,148.568563,53.91,5,37377003,Nemadactylus macropterus,Jackass Morwong,205,FL,134,,
IN2024_V03,muscle,10091416,B2-2A,IN2024_V03_072,9/05/2024 6:55,-39.487866,148.568563,53.91,10,37377003,Nemadactylus macropterus,Jackass Morwong,208,FL,148,,
IN2024_V03,muscle,10091848,B2-3A,IN2024_V03_072,9/05/2024 6:55,-39.487866,148.568563,53.91,2,37377003,Nemadactylus macropterus,Jackass Morwong,217,FL,162,,
IN2024_V03,muscle,10091879,B2-4A,IN2024_V03_072,9/05/2024 6:55,-39.487866,148.568563,53.91,9,37377003,Nemadactylus macropterus,Jackass Morwong,223,FL,188,,
IN2024_V03,muscle,10091078,B2-5A,IN2024_V03_075,9/05/2024 11:30,-39.469257,148.552751,51.57,5,37377003,Nemadactylus macropterus,Jackass Morwong,237,FL,220,F,
IN2024_V03,muscle,10091163,B2-6A,IN2024_V03_075,9/05/2024 11:30,-39.469257,148.552751,51.57,10,37377003,Nemadactylus macropterus,Jackass Morwong,220,FL,168,F,
IN2024_V03,muscle,10091168,B2-7A,IN2024_V03_075,9/05/2024 11:30,-39.469257,148.552751,51.57,6,37377003,Nemadactylus macropterus,Jackass Morwong,301,FL,432,F,
IN2024_V03,muscle,10091169,B2-8A,IN2024_V03_075,9/05/2024 11:30,-39.469257,148.552751,51.57,8,37377003,Nemadactylus macropterus,Jackass Morwong,315,FL,520,F,
IN2024_V03,muscle,10091170,B2-9A,IN2024_V03_075,9/05/2024 11:30,-39.469257,148.552751,51.57,9,37377003,Nemadactylus macropterus,Jackass Morwong,203,FL,134,F,
IN2024_V03,muscle,10091233,B2-10A,IN2024_V03_075,9/05/2024 11:30,-39.469257,148.552751,51.57,1,37377003,Nemadactylus macropterus,Jackass Morwong,216,FL,164,M,
IN2024_V03,muscle,10091485,B2-1B,IN2024_V03_075,9/05/2024 11:30,-39.469257,148.552751,51.57,2,37377003,Nemadactylus macropterus,Jackass Morwong,240,FL,212,F,
IN2024_V03,muscle,10091514,B2-2B,IN2024_V03_075,9/05/2024 11:30,-39.469257,148.552751,51.57,4,37377003,Nemadactylus macropterus,Jackass Morwong,240,FL,232,F,
IN2024_V03,muscle,10091515,B2-3B,IN2024_V03_075,9/05/2024 11:30,-39.469257,148.552751,51.57,3,37377003,Nemadactylus macropterus,Jackass Morwong,206,FL,158,F,
IN2023_V05,tissue,10081559,B2-4B,IN2023_V05_043,4/07/2023 10:08,-39.29805,148.65133,314.7,10,37377003,Nemadactylus macropterus,Jackass Morwong,281,FL,434,F,
IN2023_V05,tissue,10081633,B2-5B,IN2023_V05_043,4/07/2023 10:08,-39.29805,148.65133,314.7,5,37377003,Nemadactylus macropterus,Jackass Morwong,387,FL,980,F,
IN2023_V05,tissue,10081662,B2-6B,IN2023_V05_043,4/07/2023 10:08,-39.29805,148.65133,314.7,2,37377003,Nemadactylus macropterus,Jackass Morwong,372,FL,915,F,
IN2023_V05,tissue,10081663,B2-7B,IN2023_V05_043,4/07/2023 10:08,-39.29805,148.65133,314.7,8,37377003,Nemadactylus macropterus,Jackass Morwong,340,FL,743,F,
IN2023_V05,tissue,10081694,B2-8B,IN2023_V05_043,4/07/2023 10:08,-39.29805,148.65133,314.7,3,37377003,Nemadactylus macropterus,Jackass Morwong,365,FL,852,M,
IN2023_V05,tissue,10081719,B2-9B,IN2023_V05_043,4/07/2023 10:08,-39.29805,148.65133,314.7,7,37377003,Nemadactylus macropterus,Jackass Morwong,344,FL,806,F,
IN2023_V05,tissue,10081721,B2-10B,IN2023_V05_043,4/07/2023 10:08,-39.29805,148.65133,314.7,4,37377003,Nemadactylus macropterus,Jackass Morwong,325,FL,636,F,
IN2023_V05,tissue,10081722,B2-1C,IN2023_V05_043,4/07/2023 10:08,-39.29805,148.65133,314.7,1,37377003,Nemadactylus macropterus,Jackass Morwong,373,FL,904,F,
IN2023_V05,tissue,10081727,B2-2C,IN2023_V05_043,4/07/2023 10:08,-39.29805,148.65133,314.7,9,37377003,Nemadactylus macropterus,Jackass Morwong,336,FL,686,F,
IN2023_V05,tissue,10081856,B2-3C,IN2023_V05_043,4/07/2023 10:08,-39.29805,148.65133,314.7,6,37377003,Nemadactylus macropterus,Jackass Morwong,359,FL,826,M,
IN2024_V03,muscle,10089425,B2-4C,IN2024_V03_045,6/05/2024 12:44,-40.680163,148.739391,81.04,3,37377003,Nemadactylus macropterus,Jackass Morwong,206,FL,142,,
IN2024_V03,muscle,10091102,B2-5C,IN2024_V03_056,7/05/2024 12:04,-40.58287,148.7187,57.49,7,37377003,Nemadactylus macropterus,Jackass Morwong,205,FL,148,F,
IN2024_V03,muscle,10086122,B2-67,IN2024_V03_045,6/05/2024 12:44,-40.680163,148.739391,81.04,1,37377003,Nemadactylus macropterus,Jackass Morwong,233,FL,178,,
IN2024_V03,muscle,10090200,B2-7C,IN2024_V03_047,6/05/2024 16:11,-40.57104,148.795779,116.4,4,37377003,Nemadactylus macropterus,Jackass Morwong,239,FL,238,M,
IN2024_V03,muscle,10089393,B2-8C,IN2024_V03_045,6/05/2024 12:44,-40.680163,148.739391,81.04,8,37377003,Nemadactylus macropterus,Jackass Morwong,240,FL,240,,
IN2024_V03,muscle,10090653,B2-9C,IN2024_V03_053,7/05/2024 6:50,-40.594909,148.714739,58.52,10,37377003,Nemadactylus macropterus,Jackass Morwong,248,FL,248,,
IN2024_V03,muscle,10091154,B2-10C,IN2024_V03_066,8/05/2024 16:24,-40.333214,148.761691,83.55,1,37377003,Nemadactylus macropterus,Jackass Morwong,236,FL,251,M,
IN2024_V03,muscle,10091175,B2-1D,IN2024_V03_056,7/05/2024 12:04,-40.58287,148.7187,57.49,8,37377003,Nemadactylus macropterus,Jackass Morwong,247,FL,262,F,
IN2024_V03,muscle,10089424,B2-2D,IN2024_V03_045,6/05/2024 12:44,-40.680163,148.739391,81.04,6,37377003,Nemadactylus macropterus,Jackass Morwong,254,FL,268,,
IN2024_V03,muscle,10089987,B2-3D,IN2024_V03_043,6/05/2024 6:55,-40.628374,148.679936,62.5,8,37377003,Nemadactylus macropterus,Jackass Morwong,250,FL,270,,
IN2024_V03,muscle,10090623,B2-4D,IN2024_V03_053,7/05/2024 6:50,-40.594909,148.714739,58.52,3,37377003,Nemadactylus macropterus,Jackass Morwong,251,FL,278,,
IN2024_V03,muscle,10089503,B2-5D,IN2024_V03_045,6/05/2024 12:44,-40.680163,148.739391,81.04,4,37377003,Nemadactylus macropterus,Jackass Morwong,262,FL,308,,
IN2024_V03,muscle,10089504,B2-6D,IN2024_V03_045,6/05/2024 12:44,-40.680163,148.739391,81.04,10,37377003,Nemadactylus macropterus,Jackass Morwong,279,FL,352,,
IN2024_V03,muscle,10091070,B2-7D,IN2024_V03_056,7/05/2024 12:04,-40.58287,148.7187,57.49,10,37377003,Nemadactylus macropterus,Jackass Morwong,276,FL,354,F,
IN2024_V03,muscle,10089929,B2-8D,IN2024_V03_043,6/05/2024 6:55,-40.628374,148.679936,62.5,1,37377003,Nemadactylus macropterus,Jackass Morwong,258,FL,356,,
IN2024_V03,muscle,10090605,B2-9D,IN2024_V03_053,7/05/2024 6:50,-40.594909,148.714739,58.52,4,37377003,Nemadactylus macropterus,Jackass Morwong,281,FL,406,,
IN2024_V03,muscle,10091150,B2-10D,IN2024_V03_066,8/05/2024 16:24,-40.333214,148.761691,83.55,2,37377003,Nemadactylus macropterus,Jackass Morwong,285,FL,414,F,
IN2024_V03,muscle,10089896,B2-1E,IN2024_V03_043,6/05/2024 6:55,-40.628374,148.679936,62.5,3,37377003,Nemadactylus macropterus,Jackass Morwong,290,FL,430,,
IN2024_V03,muscle,10089610,B2-2E,IN2024_V03_043,6/05/2024 6:55,-40.628374,148.679936,62.5,7,37377003,Nemadactylus macropterus,Jackass Morwong,295,FL,438,,
IN2024_V03,muscle,10089673,B2-3E,IN2024_V03_043,6/05/2024 6:55,-40.628374,148.679936,62.5,2,37377003,Nemadactylus macropterus,Jackass Morwong,297,FL,490,,
IN2024_V03,muscle,10090592,B2-4E,IN2024_V03_047,6/05/2024 16:11,-40.57104,148.795779,116.4,10,37377003,Nemadactylus macropterus,Jackass Morwong,314,FL,516,M,
IN2024_V03,muscle,10090622,B2-5E,IN2024_V03_047,6/05/2024 16:11,-40.57104,148.795779,116.4,9,37377003,Nemadactylus macropterus,Jackass Morwong,316,FL,538,M,
IN2024_V03,muscle,10091101,B2-6E,IN2024_V03_056,7/05/2024 12:04,-40.58287,148.7187,57.49,1,37377003,Nemadactylus macropterus,Jackass Morwong,355,FL,732,F,
IN2023_V05,tissue,10080117,B2-7E,IN2023_V05_012,1/07/2023 13:06,-40.323211,148.768471,83.97,1,37377003,Nemadactylus macropterus,Jackass Morwong,209,FL,147,F,
IN2023_V05,tissue,10084401,B2-8E,IN2023_V05_215,25/07/2023 9:21,-40.593473,148.732722,65.07,3,37377003,Nemadactylus macropterus,Jackass Morwong,237,FL,184,,
IN2023_V05,tissue,10083484,B2-9E,IN2023_V05_215,25/07/2023 9:21,-40.593473,148.732722,65.07,4,37377003,Nemadactylus macropterus,Jackass Morwong,229,FL,212,,
IN2023_V05,tissue,10083946,B2-10E,IN2023_V05_215,25/07/2023 9:21,-40.593473,148.732722,65.07,1,37377003,Nemadactylus macropterus,Jackass Morwong,243,FL,218,,
IN2023_V05,tissue,10084003,B2-1F,IN2023_V05_215,25/07/2023 9:21,-40.593473,148.732722,65.07,5,37377003,Nemadactylus macropterus,Jackass Morwong,245,FL,248,,
IN2023_V05,tissue,10085393,B2-2F,IN2023_V05_214,25/07/2023 7:21,-40.579595,148.734445,66.28,9,37377003,Nemadactylus macropterus,Jackass Morwong,254,FL,256,,
IN2023_V05,tissue,10085205,B2-3F,IN2023_V05_214,25/07/2023 7:21,-40.579595,148.734445,66.28,5,37377003,Nemadactylus macropterus,Jackass Morwong,244,FL,260,,
IN2023_V05,tissue,10080761,B2-4F,IN2023_V05_024,2/07/2023 15:19,-40.044098,148.714092,109.5,1,37377003,Nemadactylus macropterus,Jackass Morwong,266,FL,274,,
IN2023_V05,tissue,10084589,B2-5F,IN2023_V05_215,25/07/2023 9:21,-40.593473,148.732722,65.07,8,37377003,Nemadactylus macropterus,Jackass Morwong,253,FL,276,,
IN2023_V05,tissue,10082332,B2-5F,IN2023_V05_215,25/07/2023 9:21,-40.593473,148.732722,65.07,9,37377003,Nemadactylus macropterus,Jackass Morwong,264,FL,280,,
IN2023_V05,tissue,10085248,B2-7F,IN2023_V05_214,25/07/2023 7:21,-40.579595,148.734445,66.28,3,37377003,Nemadactylus macropterus,Jackass Morwong,261,FL,304,,
IN2023_V05,tissue,10084431,B2-8F,IN2023_V05_215,25/07/2023 9:21,-40.593473,148.732722,65.07,7,37377003,Nemadactylus macropterus,Jackass Morwong,288,FL,370,,
IN2023_V05,tissue,10085279,B2-9F,IN2023_V05_214,25/07/2023 7:21,-40.579595,148.734445,66.28,4,37377003,Nemadactylus macropterus,Jackass Morwong,274,FL,374,,
IN2023_V05,tissue,10085142,B2-10F,IN2023_V05_214,25/07/2023 7:21,-40.579595,148.734445,66.28,10,37377003,Nemadactylus macropterus,Jackass Morwong,285,FL,376,,
IN2023_V05,tissue,10085145,B2-1G,IN2023_V05_214,25/07/2023 7:21,-40.579595,148.734445,66.28,6,37377003,Nemadactylus macropterus,Jackass Morwong,300,FL,376,,
IN2023_V05,tissue,10083764,B2-2G,IN2023_V05_218,25/07/2023 15:03,-40.505644,148.825067,153,1,37377003,Nemadactylus macropterus,Jackass Morwong,275,FL,376,,
IN2023_V05,tissue,10085246,B2-3G,IN2023_V05_214,25/07/2023 7:21,-40.579595,148.734445,66.28,1,37377003,Nemadactylus macropterus,Jackass Morwong,285,FL,382,,
IN2023_V05,tissue,10084584,B2-4G,IN2023_V05_215,25/07/2023 9:21,-40.593473,148.732722,65.07,10,37377003,Nemadactylus macropterus,Jackass Morwong,296,FL,390,,
IN2023_V05,tissue,10083544,B2-5G,IN2023_V05_215,25/07/2023 9:21,-40.593473,148.732722,65.07,2,37377003,Nemadactylus macropterus,Jackass Morwong,298,FL,418,,
IN2023_V05,tissue,10085112,B2-6G,IN2023_V05_214,25/07/2023 7:21,-40.579595,148.734445,66.28,7,37377003,Nemadactylus macropterus,Jackass Morwong,307,FL,418,,
IN2023_V05,tissue,10085308,B2-7G,IN2023_V05_214,25/07/2023 7:21,-40.579595,148.734445,66.28,2,37377003,Nemadactylus macropterus,Jackass Morwong,299,FL,426,,
IN2023_V05,tissue,10084490,B2-8G,IN2023_V05_215,25/07/2023 9:21,-40.593473,148.732722,65.07,6,37377003,Nemadactylus macropterus,Jackass Morwong,296,FL,442,,
IN2023_V05,tissue,10085128,B2-9G,IN2023_V05_214,25/07/2023 7:21,-40.579595,148.734445,66.28,8,37377003,Nemadactylus macropterus,Jackass Morwong,338,FL,580,,
IN2024_V03,muscle,10086169,B2-10G,IN2024_V03_034,5/05/2024 6:50,-41.227653,148.439928,132.2,4,37377003,Nemadactylus macropterus,Jackass Morwong,120,FL,30,,
IN2024_V03,muscle,10086137,B2-1H,IN2024_V03_034,5/05/2024 6:50,-41.227653,148.439928,132.2,3,37377003,Nemadactylus macropterus,Jackass Morwong,128,FL,38,,
IN2024_V03,muscle,10086370,B2-2H,IN2024_V03_034,5/05/2024 6:50,-41.227653,148.439928,132.2,1,37377003,Nemadactylus macropterus,Jackass Morwong,132,FL,38,J,
IN2024_V03,muscle,10086139,B2-3H,IN2024_V03_034,5/05/2024 6:50,-41.227653,148.439928,132.2,5,37377003,Nemadactylus macropterus,Jackass Morwong,133,FL,40,,
IN2024_V03,muscle,10086202,B2-4H,IN2024_V03_034,5/05/2024 6:50,-41.227653,148.439928,132.2,2,37377003,Nemadactylus macropterus,Jackass Morwong,142,FL,52,,
IN2024_V03,muscle,10086121,B2-5H,IN2024_V03_037,5/05/2024 11:31,-41.215342,148.517978,158.8,2,37377003,Nemadactylus macropterus,Jackass Morwong,265,FL,322,,
IN2024_V03,muscle,10086401,B2-6H,IN2024_V03_037,5/05/2024 11:31,-41.215342,148.517978,158.8,1,37377003,Nemadactylus macropterus,Jackass Morwong,290,FL,428,,
IN2023_V05,tissue,10084752,B2-7H,IN2023_V05_233,27/07/2023 10:03,-41.788402,148.456731,84.51,1,37377003,Nemadactylus macropterus,Jackass Morwong,305,FL,440,,
IN2023_V05,tissue,10085892,B2-8H,IN2023_V05_244,28/07/2023 10:05,-42.11222,148.526193,122,4,37377003,Nemadactylus macropterus,Jackass Morwong,302,FL,498,,
IN2023_V05,tissue,10085895,B2-9H,IN2023_V05_244,28/07/2023 10:05,-42.11222,148.526193,122,6,37377003,Nemadactylus macropterus,Jackass Morwong,307,FL,564,,
IN2023_V05,tissue,10085908,B2-10H,IN2023_V05_244,28/07/2023 10:05,-42.11222,148.526193,122,2,37377003,Nemadactylus macropterus,Jackass Morwong,324,FL,584,,
IN2023_V05,tissue,10085909,B2-1I,IN2023_V05_244,28/07/2023 10:05,-42.11222,148.526193,122,1,37377003,Nemadactylus macropterus,Jackass Morwong,305,FL,513,,
IN2023_V05,tissue,10085952,B2-2I,IN2023_V05_244,28/07/2023 10:05,-42.11222,148.526193,122,3,37377003,Nemadactylus macropterus,Jackass Morwong,304,FL,497,,
IN2023_V05,tissue,10085987,B2-3I,IN2023_V05_244,28/07/2023 10:05,-42.11222,148.526193,122,5,37377003,Nemadactylus macropterus,Jackass Morwong,331,FL,644,,
IN2023_V05,tissue,10084740,1_A1,IN2023_V05_244,28/07/2023 10:05,-42.11222,148.526193,122,6,37296001,Platycephalus richardsoni,Tiger Flathead,411,FL,532,,
IN2023_V05,tissue,10084761,1_A2,IN2023_V05_244,28/07/2023 10:05,-42.11222,148.526193,122,8,37296001,Platycephalus richardsoni,Tiger Flathead,449,FL,650,,
IN2023_V05,tissue,10084770,1_A3,IN2023_V05_244,28/07/2023 10:05,-42.11222,148.526193,122,7,37296001,Platycephalus richardsoni,Tiger Flathead,435,FL,570,,
IN2023_V05,tissue,10084772,1_A4,IN2023_V05_244,28/07/2023 10:05,-42.11222,148.526193,122,4,37296001,Platycephalus richardsoni,Tiger Flathead,448,FL,664,,
IN2023_V05,tissue,10084774,1_A5,IN2023_V05_244,28/07/2023 10:05,-42.11222,148.526193,122,5,37296001,Platycephalus richardsoni,Tiger Flathead,410,FL,510,,
IN2023_V05,tissue,10084805,1_A6,IN2023_V05_244,28/07/2023 10:05,-42.11222,148.526193,122,3,37296001,Platycephalus richardsoni,Tiger Flathead,418,FL,494,,
IN2023_V05,tissue,10084808,1_A7,IN2023_V05_244,28/07/2023 10:05,-42.11222,148.526193,122,9,37296001,Platycephalus richardsoni,Tiger Flathead,379,FL,424,,
IN2023_V05,tissue,10084810,1_A8,IN2023_V05_244,28/07/2023 10:05,-42.11222,148.526193,122,10,37296001,Platycephalus richardsoni,Tiger Flathead,477,FL,720,,
IN2023_V05,tissue,10085764,1_A9,IN2023_V05_244,28/07/2023 10:05,-42.11222,148.526193,122,1,37296001,Platycephalus richardsoni,Tiger Flathead,396,FL,432,,
IN2023_V05,tissue,10085824,1_A10,IN2023_V05_244,28/07/2023 10:05,-42.11222,148.526193,122,2,37296001,Platycephalus richardsoni,Tiger Flathead,461,FL,636,,
IN2023_V05,tissue,10085923,1_B1,IN2023_V05_247,28/07/2023 15:56,-42.094049,148.615655,399.2,2,37296001,Platycephalus richardsoni,Tiger Flathead,414,FL,566,,
IN2023_V05,tissue,10084804,1_B2,IN2023_V05_243,28/07/2023 7:15,-42.087384,148.565009,128.7,2,37296001,Platycephalus richardsoni,Tiger Flathead,408,FL,483,,
IN2023_V05,tissue,10084837,1_B3,IN2023_V05_243,28/07/2023 7:15,-42.087384,148.565009,128.7,8,37296001,Platycephalus richardsoni,Tiger Flathead,525,FL,1106,,
IN2023_V05,tissue,10084841,1_B4,IN2023_V05_243,28/07/2023 7:15,-42.087384,148.565009,128.7,7,37296001,Platycephalus richardsoni,Tiger Flathead,382,FL,378,,
IN2023_V05,tissue,10084878,1_B5,IN2023_V05_243,28/07/2023 7:15,-42.087384,148.565009,128.7,5,37296001,Platycephalus richardsoni,Tiger Flathead,361,FL,325,,
IN2023_V05,tissue,10084881,1_B6,IN2023_V05_243,28/07/2023 7:15,-42.087384,148.565009,128.7,6,37296001,Platycephalus richardsoni,Tiger Flathead,366,FL,367,,
IN2023_V05,tissue,10084916,1_B7,IN2023_V05_243,28/07/2023 7:15,-42.087384,148.565009,128.7,1,37296001,Platycephalus richardsoni,Tiger Flathead,367,FL,377,,
IN2023_V05,tissue,10084938,1_B8,IN2023_V05_243,28/07/2023 7:15,-42.087384,148.565009,128.7,4,37296001,Platycephalus richardsoni,Tiger Flathead,340,FL,297,,
IN2023_V05,tissue,10084940,1_B9,IN2023_V05_243,28/07/2023 7:15,-42.087384,148.565009,128.7,9,37296001,Platycephalus richardsoni,Tiger Flathead,434,FL,670,,
IN2023_V05,tissue,10084968,1_B10,IN2023_V05_243,28/07/2023 7:15,-42.087384,148.565009,128.7,3,37296001,Platycephalus richardsoni,Tiger Flathead,502,FL,1015,,
IN2023_V05,tissue,10084970,1_C1,IN2023_V05_243,28/07/2023 7:15,-42.087384,148.565009,128.7,10,37296001,Platycephalus richardsoni,Tiger Flathead,440,FL,587,,
IN2024_V03,muscle,10086172,1_C2,IN2024_V03_034,5/05/2024 6:50,-41.227653,148.439928,132.2,19,37296001,Platycephalus richardsoni,Tiger Flathead,183,FL,37,,
IN2024_V03,muscle,10086368,1_C3,IN2024_V03_034,5/05/2024 6:50,-41.227653,148.439928,132.2,20,37296001,Platycephalus richardsoni,Tiger Flathead,238,FL,83,,
IN2024_V03,muscle,10089271,1_C4,IN2024_V03_034,5/05/2024 6:50,-41.227653,148.439928,132.2,13,37296001,Platycephalus richardsoni,Tiger Flathead,342,FL,298,,
IN2024_V03,muscle,10089452,1_C5,IN2024_V03_034,5/05/2024 6:50,-41.227653,148.439928,132.2,12,37296001,Platycephalus richardsoni,Tiger Flathead,315,FL,204,,
IN2024_V03,muscle,10089455,1_C6,IN2024_V03_034,5/05/2024 6:50,-41.227653,148.439928,132.2,11,37296001,Platycephalus richardsoni,Tiger Flathead,228,FL,79,,
IN2024_V03,muscle,10089482,1_C7,IN2024_V03_034,5/05/2024 6:50,-41.227653,148.439928,132.2,10,37296001,Platycephalus richardsoni,Tiger Flathead,240,FL,93,,
IN2024_V03,muscle,10089488,1_C8,IN2024_V03_034,5/05/2024 6:50,-41.227653,148.439928,132.2,7,37296001,Platycephalus richardsoni,Tiger Flathead,260,FL,115,,
IN2024_V03,muscle,10089495,1_C9,IN2024_V03_034,5/05/2024 6:50,-41.227653,148.439928,132.2,14,37296001,Platycephalus richardsoni,Tiger Flathead,264,FL,136,,
IN2024_V03,muscle,10089536,1_C10,IN2024_V03_034,5/05/2024 6:50,-41.227653,148.439928,132.2,3,37296001,Platycephalus richardsoni,Tiger Flathead,343,FL,296,,
IN2024_V03,muscle,10089543,1_D1,IN2024_V03_034,5/05/2024 6:50,-41.227653,148.439928,132.2,16,37296001,Platycephalus richardsoni,Tiger Flathead,230,FL,76,,
IN2024_V03,muscle,10089569,1_D2,IN2024_V03_034,5/05/2024 6:50,-41.227653,148.439928,132.2,4,37296001,Platycephalus richardsoni,Tiger Flathead,403,FL,441,,
IN2024_V03,muscle,10086156,1_D3,IN2024_V03_037,5/05/2024 11:31,-41.215342,148.517978,158.8,8,37296001,Platycephalus richardsoni,Tiger Flathead,295,FL,190,,
IN2024_V03,muscle,10089390,1_D4,IN2024_V03_037,5/05/2024 11:31,-41.215342,148.517978,158.8,10,37296001,Platycephalus richardsoni,Tiger Flathead,303,FL,196,,
IN2024_V03,muscle,10089442,1_D5,IN2024_V03_037,5/05/2024 11:31,-41.215342,148.517978,158.8,5,37296001,Platycephalus richardsoni,Tiger Flathead,346,FL,322,,
IN2024_V03,muscle,10089450,1_D6,IN2024_V03_037,5/05/2024 11:31,-41.215342,148.517978,158.8,13,37296001,Platycephalus richardsoni,Tiger Flathead,282,FL,168,,
IN2024_V03,muscle,10089475,1_D7,IN2024_V03_037,5/05/2024 11:31,-41.215342,148.517978,158.8,12,37296001,Platycephalus richardsoni,Tiger Flathead,285,FL,172,,
IN2024_V03,muscle,10089840,1_D8,IN2024_V03_038,5/05/2024 16:30,-41.175434,148.481131,89.19,8,37296001,Platycephalus richardsoni,Tiger Flathead,288,FL,152,,
IN2024_V03,muscle,10089843,1_D9,IN2024_V03_038,5/05/2024 16:30,-41.175434,148.481131,89.19,4,37296001,Platycephalus richardsoni,Tiger Flathead,233,FL,78,,
IN2024_V03,muscle,10089873,1_D10,IN2024_V03_038,5/05/2024 16:30,-41.175434,148.481131,89.19,2,37296001,Platycephalus richardsoni,Tiger Flathead,312,FL,194,,
IN2024_V03,muscle,10089879,1_E1,IN2024_V03_038,5/05/2024 16:30,-41.175434,148.481131,89.19,1,37296001,Platycephalus richardsoni,Tiger Flathead,368,FL,400,,
IN2024_V03,muscle,10089902,1_E2,IN2024_V03_038,5/05/2024 16:30,-41.175434,148.481131,89.19,6,37296001,Platycephalus richardsoni,Tiger Flathead,333,FL,244,,
IN2023_V05,tissue,10085056,1_E3,IN2023_V05_202,24/07/2023 7:45,-41.110295,148.473097,110.3,9,37296001,Platycephalus richardsoni,Tiger Flathead,373,FL,403,,
IN2023_V05,tissue,10085132,1_E4,IN2023_V05_202,24/07/2023 7:45,-41.110295,148.473097,110.3,2,37296001,Platycephalus richardsoni,Tiger Flathead,393,FL,736,,
IN2023_V05,tissue,10085135,1_E5,IN2023_V05_202,24/07/2023 7:45,-41.110295,148.473097,110.3,1,37296001,Platycephalus richardsoni,Tiger Flathead,330,FL,327,,
IN2023_V05,tissue,10085161,1_E6,IN2023_V05_202,24/07/2023 7:45,-41.110295,148.473097,110.3,10,37296001,Platycephalus richardsoni,Tiger Flathead,430,FL,726,,
IN2023_V05,tissue,10085169,1_E7,IN2023_V05_202,24/07/2023 7:45,-41.110295,148.473097,110.3,4,37296001,Platycephalus richardsoni,Tiger Flathead,413,FL,566,,
IN2023_V05,tissue,10085197,1_E8,IN2023_V05_202,24/07/2023 7:45,-41.110295,148.473097,110.3,3,37296001,Platycephalus richardsoni,Tiger Flathead,297,FL,209,,
IN2023_V05,tissue,10085359,1_E9,IN2023_V05_202,24/07/2023 7:45,-41.110295,148.473097,110.3,6,37296001,Platycephalus richardsoni,Tiger Flathead,365,FL,382,,
IN2023_V05,tissue,10085047,1_E10,IN2023_V05_203,24/07/2023 10:04,-41.060924,148.474113,98.92,6,37296001,Platycephalus richardsoni,Tiger Flathead,286,FL,152,,
IN2023_V05,tissue,10085208,1_F1,IN2023_V05_203,24/07/2023 10:04,-41.060924,148.474113,98.92,4,37296001,Platycephalus richardsoni,Tiger Flathead,271,FL,152,,
IN2023_V05,tissue,10085213,1_F2,IN2023_V05_203,24/07/2023 10:04,-41.060924,148.474113,98.92,2,37296001,Platycephalus richardsoni,Tiger Flathead,354,FL,311,,
IN2023_V05,tissue,10085317,1_F3,IN2023_V05_203,24/07/2023 10:04,-41.060924,148.474113,98.92,9,37296001,Platycephalus richardsoni,Tiger Flathead,327,FL,251,,
IN2023_V05,tissue,10084981,1_F4,IN2023_V05_206,24/07/2023 14:21,-41.051926,148.506523,111.3,9,37296001,Platycephalus richardsoni,Tiger Flathead,324,FL,230,,
IN2023_V05,tissue,10085075,1_F5,IN2023_V05_206,24/07/2023 14:21,-41.051926,148.506523,111.3,7,37296001,Platycephalus richardsoni,Tiger Flathead,251,FL,92,,
IN2023_V05,tissue,10085227,1_F6,IN2023_V05_206,24/07/2023 14:21,-41.051926,148.506523,111.3,1,37296001,Platycephalus richardsoni,Tiger Flathead,345,FL,290,,
IN2023_V05,tissue,10085286,1_F7,IN2023_V05_206,24/07/2023 14:21,-41.051926,148.506523,111.3,5,37296001,Platycephalus richardsoni,Tiger Flathead,206,FL,48,,
IN2024_V03,muscle,10086129,1_F8,IN2024_V03_045,6/05/2024 12:44,-40.680163,148.739391,81.04,16,37296001,Platycephalus richardsoni,Tiger Flathead,286,FL,183,M,
IN2024_V03,muscle,10086150,1_F9,IN2024_V03_045,6/05/2024 12:44,-40.680163,148.739391,81.04,19,37296001,Platycephalus richardsoni,Tiger Flathead,275,FL,143,M,
IN2024_V03,muscle,10086189,1_F10,IN2024_V03_045,6/05/2024 12:44,-40.680163,148.739391,81.04,4,37296001,Platycephalus richardsoni,Tiger Flathead,405,FL,544,M,
IN2024_V03,muscle,10089144,1_G1,IN2024_V03_043,6/05/2024 6:55,-40.628374,148.679936,62.5,2,37296001,Platycephalus richardsoni,Tiger Flathead,440,FL,532,,
IN2024_V03,muscle,10090638,1_G2,IN2024_V03_053,7/05/2024 6:50,-40.594909,148.714739,58.52,7,37296001,Platycephalus richardsoni,Tiger Flathead,329,FL,211,,
IN2024_V03,muscle,10090377,1_G3,IN2024_V03_047,6/05/2024 16:11,-40.57104,148.795779,116.4,3,37296001,Platycephalus richardsoni,Tiger Flathead,363,FL,336,F,
IN2024_V03,muscle,10090432,1_G4,IN2024_V03_047,6/05/2024 16:11,-40.57104,148.795779,116.4,7,37296001,Platycephalus richardsoni,Tiger Flathead,536,FL,1272,,
IN2023_V05,tissue,10083704,1_G5,IN2023_V05_218,25/07/2023 15:03,-40.505644,148.825067,153,9,37296001,Platycephalus richardsoni,Tiger Flathead,384,FL,401,,
IN2023_V05,tissue,10085001,1_G6,IN2023_V05_218,25/07/2023 15:03,-40.505644,148.825067,153,3,37296001,Platycephalus richardsoni,Tiger Flathead,268,FL,130,,
IN2023_V05,tissue,10085206,1_G7,IN2023_V05_218,25/07/2023 15:03,-40.505644,148.825067,153,2,37296001,Platycephalus richardsoni,Tiger Flathead,453,FL,775,,
IN2024_V03,muscle,10091161,1_G8,IN2024_V03_066,8/05/2024 16:24,-40.333214,148.761691,83.55,4,37296001,Platycephalus richardsoni,Tiger Flathead,372,FL,432,M,
IN2024_V03,muscle,10091162,1_G9,IN2024_V03_066,8/05/2024 16:24,-40.333214,148.761691,83.55,3,37296001,Platycephalus richardsoni,Tiger Flathead,469,FL,750,F,
IN2023_V05,tissue,10080179,1_G10,IN2023_V05_012,1/07/2023 13:06,-40.323211,148.768471,83.97,1,37296001,Platycephalus richardsoni,Tiger Flathead,492,FL,945,F,
IN2024_V03,muscle,10091074,1_H1,IN2024_V03_063,8/05/2024 11:35,-40.274316,148.702581,70.37,3,37296001,Platycephalus richardsoni,Tiger Flathead,229,FL,80,,
IN2024_V03,muscle,10091075,1_H2,IN2024_V03_063,8/05/2024 11:35,-40.274316,148.702581,70.37,1,37296001,Platycephalus richardsoni,Tiger Flathead,354,FL,400,M,
IN2023_V05,tissue,10080352,1_H3,IN2023_V05_020,2/07/2023 6:57,-40.096587,148.752493,105.7,6,37296001,Platycephalus richardsoni,Tiger Flathead,414,FL,622,F,
IN2023_V05,tissue,10080520,1_H4,IN2023_V05_022,2/07/2023 11:23,-40.053854,148.719825,109.4,2,37296001,Platycephalus richardsoni,Tiger Flathead,339,FL,266,M,
IN2023_V05,tissue,10080545,1_H5,IN2023_V05_022,2/07/2023 11:23,-40.053854,148.719825,109.4,7,37296001,Platycephalus richardsoni,Tiger Flathead,349,FL,312,M,
IN2023_V05,tissue,10080617,1_H6,IN2023_V05_022,2/07/2023 11:23,-40.053854,148.719825,109.4,10,37296001,Platycephalus richardsoni,Tiger Flathead,397,FL,445,M,
IN2023_V05,tissue,10080622,1_H7,IN2023_V05_022,2/07/2023 11:23,-40.053854,148.719825,109.4,4,37296001,Platycephalus richardsoni,Tiger Flathead,424,FL,563,F,
IN2023_V05,tissue,10080594,1_H8,IN2023_V05_024,2/07/2023 15:19,-40.044098,148.714092,109.5,9,37296001,Platycephalus richardsoni,Tiger Flathead,304,FL,184,M,
IN2024_V03,muscle,10091179,1_H9,IN2024_V03_076,9/05/2024 14:46,-39.537952,148.678491,108.1,12,37296001,Platycephalus richardsoni,Tiger Flathead,299,FL,190,,
IN2024_V03,muscle,10091182,1_H10,IN2024_V03_076,9/05/2024 14:46,-39.537952,148.678491,108.1,4,37296001,Platycephalus richardsoni,Tiger Flathead,408,FL,573,,
IN2024_V03,muscle,10091190,1_I1,IN2024_V03_076,9/05/2024 14:46,-39.537952,148.678491,108.1,3,37296001,Platycephalus richardsoni,Tiger Flathead,328,FL,295,,
IN2024_V03,muscle,10091191,1_I2,IN2024_V03_076,9/05/2024 14:46,-39.537952,148.678491,108.1,2,37296001,Platycephalus richardsoni,Tiger Flathead,343,FL,295,,
IN2024_V03,muscle,10091192,1_I3,IN2024_V03_076,9/05/2024 14:46,-39.537952,148.678491,108.1,1,37296001,Platycephalus richardsoni,Tiger Flathead,478,FL,904,,
IN2023_V05,tissue,10080845,1_I4,IN2023_V05_031,3/07/2023 7:19,-39.535029,148.676298,124.6,2,37296001,Platycephalus richardsoni,Tiger Flathead,368,FL,329,F,
IN2023_V05,tissue,10080905,1_I5,IN2023_V05_031,3/07/2023 7:19,-39.535029,148.676298,124.6,1,37296001,Platycephalus richardsoni,Tiger Flathead,379,FL,406,F,
IN2023_V05,tissue,10080947,1_I6,IN2023_V05_031,3/07/2023 7:19,-39.535029,148.676298,124.6,5,37296001,Platycephalus richardsoni,Tiger Flathead,352,FL,326,F,
IN2024_V03,muscle,10091236,1_I7,IN2024_V03_072,9/05/2024 6:55,-39.487866,148.568563,53.91,1,37296001,Platycephalus richardsoni,Tiger Flathead,467,FL,748,,
IN2024_V03,muscle,10091258,1_I8,IN2024_V03_072,9/05/2024 6:55,-39.487866,148.568563,53.91,2,37296001,Platycephalus richardsoni,Tiger Flathead,444,FL,603,,
IN2024_V03,muscle,10091267,1_I9,IN2024_V03_072,9/05/2024 6:55,-39.487866,148.568563,53.91,5,37296001,Platycephalus richardsoni,Tiger Flathead,368,FL,351,,
IN2024_V03,muscle,10091364,1_I10,IN2024_V03_072,9/05/2024 6:55,-39.487866,148.568563,53.91,4,37296001,Platycephalus richardsoni,Tiger Flathead,292,FL,168,,
IN2023_V05,tissue,10081271,1_J1,IN2023_V05_035,3/07/2023 15:58,-39.471432,148.553257,45.37,1,37296001,Platycephalus richardsoni,Tiger Flathead,222,FL,74,F,
IN2023_V05,tissue,10081305,1_J2,IN2023_V05_035,3/07/2023 15:58,-39.471432,148.553257,45.37,9,37296001,Platycephalus richardsoni,Tiger Flathead,267,FL,124,F,
IN2023_V05,tissue,10081306,1_J3,IN2023_V05_035,3/07/2023 15:58,-39.471432,148.553257,45.37,10,37296001,Platycephalus richardsoni,Tiger Flathead,248,FL,99,F,
IN2024_V03,muscle,10091165,1_J4,IN2024_V03_075,9/05/2024 11:30,-39.469257,148.552751,51.57,1,37296001,Platycephalus richardsoni,Tiger Flathead,397,FL,506,F,
IN2023_V05,tissue,10081089,1_J5,IN2023_V05_042,4/07/2023 7:03,-39.342528,148.599113,116.6,4,37296001,Platycephalus richardsoni,Tiger Flathead,387,FL,458,F,
IN2023_V05,tissue,10081804,1_J6,IN2023_V05_042,4/07/2023 7:03,-39.342528,148.599113,116.6,3,37296001,Platycephalus richardsoni,Tiger Flathead,428,FL,587,F,
IN2023_V05,tissue,10081819,1_J7,IN2023_V05_046,4/07/2023 16:34,-39.31761,148.624692,141,9,37296001,Platycephalus richardsoni,Tiger Flathead,415,FL,508,F,
IN2023_V05,tissue,10081718,1_J8,IN2023_V05_043,4/07/2023 10:08,-39.29805,148.65133,314.7,2,37296001,Platycephalus richardsoni,Tiger Flathead,537,FL,1184,F,
IN2023_V05,tissue,10081859,1_J9,IN2023_V05_043,4/07/2023 10:08,-39.29805,148.65133,314.7,10,37296001,Platycephalus richardsoni,Tiger Flathead,446,FL,616,F,
IN2024_V03,muscle,10092835,1_J10,IN2024_V03_096,11/05/2024 16:10,-38.879973,148.294572,91.42,6,37296001,Platycephalus richardsoni,Tiger Flathead,365,FL,376,M,
IN2024_V03,muscle,10092862,2_A1,IN2024_V03_096,11/05/2024 16:10,-38.879973,148.294572,91.42,7,37296001,Platycephalus richardsoni,Tiger Flathead,399,FL,522,F,
IN2024_V03,muscle,10092869,2_A2,IN2024_V03_096,11/05/2024 16:10,-38.879973,148.294572,91.42,3,37296001,Platycephalus richardsoni,Tiger Flathead,312,FL,264,F,
IN2023_V05,tissue,10084715,2_A3,IN2023_V05_198,23/07/2023 7:05,-38.216301,149.154564,180.8,6,37296001,Platycephalus richardsoni,Tiger Flathead,442,FL,631,,
IN2023_V05,tissue,10084892,2_A4,IN2023_V05_198,23/07/2023 7:05,-38.216301,149.154564,180.8,3,37296001,Platycephalus richardsoni,Tiger Flathead,330,FL,279,,
IN2023_V05,tissue,10084900,2_A5,IN2023_V05_198,23/07/2023 7:05,-38.216301,149.154564,180.8,2,37296001,Platycephalus richardsoni,Tiger Flathead,497,FL,878,,
IN2023_V05,tissue,10084920,2_A6,IN2023_V05_198,23/07/2023 7:05,-38.216301,149.154564,180.8,5,37296001,Platycephalus richardsoni,Tiger Flathead,449,FL,652,,
IN2023_V05,tissue,10084924,2_A7,IN2023_V05_198,23/07/2023 7:05,-38.216301,149.154564,180.8,1,37296001,Platycephalus richardsoni,Tiger Flathead,428,FL,573,,
IN2023_V05,tissue,10084510,2_A8,IN2023_V05_187,22/07/2023 7:30,-38.204931,149.304733,300.9,4,37296001,Platycephalus richardsoni,Tiger Flathead,550,FL,1326,,
IN2023_V05,tissue,10084592,2_A9,IN2023_V05_187,22/07/2023 7:30,-38.204931,149.304733,300.9,7,37296001,Platycephalus richardsoni,Tiger Flathead,580,FL,1620,,
IN2023_V05,tissue,10084596,2_A10,IN2023_V05_187,22/07/2023 7:30,-38.204931,149.304733,300.9,8,37296001,Platycephalus richardsoni,Tiger Flathead,558,FL,1474,,
IN2023_V05,tissue,10084650,2_B1,IN2023_V05_187,22/07/2023 7:30,-38.204931,149.304733,300.9,2,37296001,Platycephalus richardsoni,Tiger Flathead,513,FL,1030,,
IN2023_V05,tissue,10084706,2_B2,IN2023_V05_187,22/07/2023 7:30,-38.204931,149.304733,300.9,5,37296001,Platycephalus richardsoni,Tiger Flathead,582,FL,1782,,
IN2024_V03,muscle,10093223,2_B3,IN2024_V03_133,15/05/2024 11:31,-38.199809,149.307747,284.3,4,37296001,Platycephalus richardsoni,Tiger Flathead,577,FL,1596,F,
IN2024_V03,muscle,10093303,2_B4,IN2024_V03_133,15/05/2024 11:31,-38.199809,149.307747,284.3,5,37296001,Platycephalus richardsoni,Tiger Flathead,567,FL,1570,F,
IN2024_V03,muscle,10094863,2_B5,IN2024_V03_164,20/05/2024 11:09,-38.165202,149.652505,237.5,3,37296001,Platycephalus richardsoni,Tiger Flathead,571,FL,1476,,
IN2024_V03,muscle,10092526,2_B6,IN2024_V03_131,15/05/2024 8:04,-38.109721,149.321603,151.5,2,37296001,Platycephalus richardsoni,Tiger Flathead,415,FL,499,,
IN2024_V03,muscle,10094841,2_B7,IN2024_V03_166,20/05/2024 17:03,-38.102355,149.540298,147,4,37296001,Platycephalus richardsoni,Tiger Flathead,453,FL,846,,
IN2024_V03,muscle,10094496,2_B8,IN2024_V03_162,20/05/2024 6:55,-38.093468,149.693281,151.4,5,37296001,Platycephalus richardsoni,Tiger Flathead,418,FL,590,,
IN2024_V03,muscle,10094567,2_B9,IN2024_V03_162,20/05/2024 6:55,-38.093468,149.693281,151.4,4,37296001,Platycephalus richardsoni,Tiger Flathead,479,FL,1011,,
IN2024_V03,muscle,10094570,2_B10,IN2024_V03_162,20/05/2024 6:55,-38.093468,149.693281,151.4,3,37296001,Platycephalus richardsoni,Tiger Flathead,392,FL,512,,
IN2023_V05,tissue,10083806,2_C1,IN2023_V05_163,17/07/2023 7:13,-37.911535,150.049456,257.7,4,37296001,Platycephalus richardsoni,Tiger Flathead,501,FL,1013,,
IN2023_V05,tissue,10084020,2_C2,IN2023_V05_163,17/07/2023 7:13,-37.911535,150.049456,257.7,7,37296001,Platycephalus richardsoni,Tiger Flathead,576,FL,1465,,
IN2024_V03,muscle,10096102,2_C3,IN2024_V03_186,22/05/2024 13:45,-37.733376,150.066029,138.3,3,37296001,Platycephalus richardsoni,Tiger Flathead,402,FL,513,M,
IN2023_V05,tissue,10081867,2_C4,IN2023_V05_141,15/07/2023 7:25,-37.733183,150.068486,141.5,9,37296001,Platycephalus richardsoni,Tiger Flathead,485,FL,800,,
IN2023_V05,tissue,10083386,2_C5,IN2023_V05_141,15/07/2023 7:25,-37.733183,150.068486,141.5,4,37296001,Platycephalus richardsoni,Tiger Flathead,461,FL,774,,
IN2023_V05,tissue,10082373,2_C6,IN2023_V05_145,15/07/2023 14:34,-37.700167,150.128705,161.4,4,37296001,Platycephalus richardsoni,Tiger Flathead,478,FL,878,,
IN2023_V05,tissue,10083582,2_C7,IN2023_V05_156,16/07/2023 14:37,-37.670804,149.962068,109.6,4,37296001,Platycephalus richardsoni,Tiger Flathead,376,FL,449,,2
IN2023_V05,tissue,10083645,2_C8,IN2023_V05_156,16/07/2023 14:37,-37.670804,149.962068,109.6,1,37296001,Platycephalus richardsoni,Tiger Flathead,406,FL,516,,
IN2023_V05,tissue,10083560,2_C9,IN2023_V05_152,16/07/2023 7:02,-37.655003,149.987086,107.8,4,37296001,Platycephalus richardsoni,Tiger Flathead,363,FL,322,,
IN2023_V05,tissue,10083522,2_C10,IN2023_V05_153,16/07/2023 9:55,-37.617319,149.908929,103.1,9,37296001,Platycephalus richardsoni,Tiger Flathead,229,FL,75,,
IN2024_V03,muscle,10096806,2_D1,IN2024_V03_193,23/05/2024 6:58,-37.593918,150.204906,159.1,2,37296001,Platycephalus richardsoni,Tiger Flathead,488,FL,873,,
IN2024_V03,muscle,10096900,2_D2,IN2024_V03_193,23/05/2024 6:58,-37.593918,150.204906,159.1,4,37296001,Platycephalus richardsoni,Tiger Flathead,436,FL,667,,
IN2024_V03,muscle,10093262,2_D3,IN2024_V03_160,19/05/2024 16:44,-37.447453,150.261019,155.5,4,37296001,Platycephalus richardsoni,Tiger Flathead,389,FL,519,F,
IN2023_V05,tissue,10083276,2_D4,IN2023_V05_079,8/07/2023 9:47,-37.329757,150.077422,88.62,9,37296001,Platycephalus richardsoni,Tiger Flathead,144,FL,18,,
IN2024_V03,muscle,10093822,2_D5,IN2024_V03_151,17/05/2024 9:53,-37.313615,150.19154,115.8,5,37296001,Platycephalus richardsoni,Tiger Flathead,328,FL,232,,
IN2024_V03,muscle,10093935,2_D6,IN2024_V03_151,17/05/2024 9:53,-37.313615,150.19154,115.8,7,37296001,Platycephalus richardsoni,Tiger Flathead,288,FL,146,,
IN2024_V03,muscle,10093541,2_D7,IN2024_V03_149,17/05/2024 6:50,-37.291586,150.290646,181.6,1,37296001,Platycephalus richardsoni,Tiger Flathead,426,FL,624,,
IN2024_V03,muscle,10097888,2_D8,IN2024_V03_206,24/05/2024 13:11,-37.163332,150.351226,270.1,3,37296001,Platycephalus richardsoni,Tiger Flathead,470,FL,820,F,
IN2024_V03,muscle,10093625,2_D9,IN2024_V03_139,16/05/2024 10:54,-37.121335,150.233585,144,3,37296001,Platycephalus richardsoni,Tiger Flathead,369,FL,386,,
IN2024_V03,muscle,10093655,2_D10,IN2024_V03_139,16/05/2024 10:54,-37.121335,150.233585,144,7,37296001,Platycephalus richardsoni,Tiger Flathead,355,FL,372,,
IN2024_V03,muscle,10093850,2_E1,IN2024_V03_139,16/05/2024 10:54,-37.121335,150.233585,144,10,37296001,Platycephalus richardsoni,Tiger Flathead,319,FL,234,,
IN2024_V03,muscle,10096368,2_E2,IN2024_V03_212,25/05/2024 7:03,-36.95673,150.056586,75.6,12,37296001,Platycephalus richardsoni,Tiger Flathead,308,FL,196,,
IN2024_V03,muscle,10096395,2_E3,IN2024_V03_212,25/05/2024 7:03,-36.95673,150.056586,75.6,4,37296001,Platycephalus richardsoni,Tiger Flathead,265,FL,129,,
IN2023_V05,tissue,10082761,2_E4,IN2023_V05_114,13/07/2023 8:44,-36.944279,150.098437,93.59,5,37296001,Platycephalus richardsoni,Tiger Flathead,285,FL,172,,
IN2023_V05,tissue,10082805,2_E5,IN2023_V05_114,13/07/2023 8:44,-36.944279,150.098437,93.59,1,37296001,Platycephalus richardsoni,Tiger Flathead,347,FL,314,,
IN2023_V05,tissue,10082906,2_E6,IN2023_V05_114,13/07/2023 8:44,-36.944279,150.098437,93.59,6,37296001,Platycephalus richardsoni,Tiger Flathead,278,FL,149,,
IN2023_V05,tissue,10082909,2_E7,IN2023_V05_114,13/07/2023 8:44,-36.944279,150.098437,93.59,7,37296001,Platycephalus richardsoni,Tiger Flathead,299,FL,192,,
IN2024_V03,muscle,10096433,2_E8,IN2024_V03_214,25/05/2024 10:24,-36.92105,150.105046,84.81,4,37296001,Platycephalus richardsoni,Tiger Flathead,338,FL,331,F,
IN2024_V03,muscle,10096469,2_E9,IN2024_V03_214,25/05/2024 10:24,-36.92105,150.105046,84.81,3,37296001,Platycephalus richardsoni,Tiger Flathead,332,FL,271,F,
IN2023_V05,tissue,10082646,2_E10,IN2023_V05_113,13/07/2023 6:47,-36.917546,150.127732,101.1,3,37296001,Platycephalus richardsoni,Tiger Flathead,366,FL,424,,
IN2023_V05,tissue,10082674,2_F1,IN2023_V05_113,13/07/2023 6:47,-36.917546,150.127732,101.1,2,37296001,Platycephalus richardsoni,Tiger Flathead,433,FL,587,,
IN2023_V05,tissue,10082780,2_F2,IN2023_V05_113,13/07/2023 6:47,-36.917546,150.127732,101.1,8,37296001,Platycephalus richardsoni,Tiger Flathead,316,FL,230,,
IN2023_V05,tissue,10082801,2_F3,IN2023_V05_113,13/07/2023 6:47,-36.917546,150.127732,101.1,5,37296001,Platycephalus richardsoni,Tiger Flathead,354,FL,348,,
IN2024_V03,muscle,10095171,2_F4,IN2024_V03_225,26/05/2024 10:18,-36.895624,150.161149,107.3,4,37296001,Platycephalus richardsoni,Tiger Flathead,380,FL,354,,
IN2024_V03,muscle,10095291,2_F5,IN2024_V03_225,26/05/2024 10:18,-36.895624,150.161149,107.3,3,37296001,Platycephalus richardsoni,Tiger Flathead,392,FL,402,,
IN2024_V03,muscle,10095219,2_F6,IN2024_V03_223,26/05/2024 6:54,-36.860557,150.295874,144.2,1,37296001,Platycephalus richardsoni,Tiger Flathead,542,FL,1200,,
IN2024_V03,muscle,10095231,2_F7,IN2024_V03_223,26/05/2024 6:54,-36.860557,150.295874,144.2,2,37296001,Platycephalus richardsoni,Tiger Flathead,518,FL,1089,,
IN2024_V03,muscle,10096750,2_F8,IN2024_V03_227,26/05/2024 14:24,-36.860351,150.123467,93.44,4,37296001,Platycephalus richardsoni,Tiger Flathead,344,FL,300,,
IN2024_V03,muscle,10096766,2_F9,IN2024_V03_227,26/05/2024 14:24,-36.860351,150.123467,93.44,5,37296001,Platycephalus richardsoni,Tiger Flathead,342,FL,324,,
IN2024_V03,muscle,10096777,2_F10,IN2024_V03_227,26/05/2024 14:24,-36.860351,150.123467,93.44,2,37296001,Platycephalus richardsoni,Tiger Flathead,342,FL,302,,
IN2024_V03,muscle,10097909,2_G1,IN2024_V03_235,27/05/2024 10:42,-36.593615,150.084005,62.87,1,37296001,Platycephalus richardsoni,Tiger Flathead,370,FL,363,F,
IN2024_V03,muscle,10098029,2_G2,IN2024_V03_235,27/05/2024 10:42,-36.593615,150.084005,62.87,2,37296001,Platycephalus richardsoni,Tiger Flathead,343,FL,312,F,
IN2024_V03,muscle,10097587,2_G3,IN2024_V03_237,27/05/2024 13:52,-36.555778,150.153926,98.87,3,37296001,Platycephalus richardsoni,Tiger Flathead,377,FL,441,M,
IN2024_V03,muscle,10097628,2_G4,IN2024_V03_237,27/05/2024 13:52,-36.555778,150.153926,98.87,5,37296001,Platycephalus richardsoni,Tiger Flathead,362,FL,353,F,
IN2024_V03,muscle,10097810,2_G5,IN2024_V03_237,27/05/2024 13:52,-36.555778,150.153926,98.87,2,37296001,Platycephalus richardsoni,Tiger Flathead,400,FL,579,M,
IN2024_V03,muscle,10097573,2_G6,IN2024_V03_238,27/05/2024 16:10,-36.52339,150.282853,145.2,3,37296001,Platycephalus richardsoni,Tiger Flathead,514,FL,1270,F,
IN2024_V03,muscle,10097663,2_G7,IN2024_V03_238,27/05/2024 16:10,-36.52339,150.282853,145.2,1,37296001,Platycephalus richardsoni,Tiger Flathead,441,FL,729,M,
IN2024_V03,muscle,10097629,2_G8,IN2024_V03_233,27/05/2024 6:54,-36.509593,150.136177,77.58,4,37296001,Platycephalus richardsoni,Tiger Flathead,343,FL,353,,
IN2024_V03,muscle,10097692,2_G9,IN2024_V03_233,27/05/2024 6:54,-36.509593,150.136177,77.58,1,37296001,Platycephalus richardsoni,Tiger Flathead,307,FL,200,,
IN2024_V03,muscle,10097266,2_G10,IN2024_V03_244,28/05/2024 6:58,-36.396284,150.258536,128.1,5,37296001,Platycephalus richardsoni,Tiger Flathead,366,FL,391,,
IN2024_V03,muscle,10097906,2_H1,IN2024_V03_244,28/05/2024 6:58,-36.396284,150.258536,128.1,4,37296001,Platycephalus richardsoni,Tiger Flathead,404,FL,548,,
IN2024_V03,muscle,10098084,2_H2,IN2024_V03_244,28/05/2024 6:58,-36.396284,150.258536,128.1,1,37296001,Platycephalus richardsoni,Tiger Flathead,425,FL,593,,
IN2023_V05,tissue,10082919,2_H3,IN2023_V05_097,10/07/2023 7:14,-36.365783,150.31969,218.8,1,37296001,Platycephalus richardsoni,Tiger Flathead,473,FL,796,,
IN2023_V05,tissue,10082957,2_H4,IN2023_V05_097,10/07/2023 7:14,-36.365783,150.31969,218.8,2,37296001,Platycephalus richardsoni,Tiger Flathead,471,FL,884,,
IN2023_V05,tissue,10083059,2_H5,IN2023_V05_097,10/07/2023 7:14,-36.365783,150.31969,218.8,3,37296001,Platycephalus richardsoni,Tiger Flathead,272,FL,168,,
IN2024_V03,muscle,10098695,2_H6,IN2024_V03_256,29/05/2024 10:23,-36.26531,150.331339,142.2,1,37296001,Platycephalus richardsoni,Tiger Flathead,381,FL,468,F,
IN2024_V03,muscle,10098752,2_H7,IN2024_V03_256,29/05/2024 10:23,-36.26531,150.331339,142.2,3,37296001,Platycephalus richardsoni,Tiger Flathead,470,FL,762,F,
IN2024_V03,muscle,10098224,2_H8,IN2024_V03_258,29/05/2024 16:48,-35.980148,150.299991,111.9,3,37296001,Platycephalus richardsoni,Tiger Flathead,329,FL,244,,
IN2024_V03,muscle,10098518,2_H9,IN2024_V03_258,29/05/2024 16:48,-35.980148,150.299991,111.9,5,37296001,Platycephalus richardsoni,Tiger Flathead,386,FL,438,,
IN2024_V03,muscle,10098548,2_H10,IN2024_V03_258,29/05/2024 16:48,-35.980148,150.299991,111.9,2,37296001,Platycephalus richardsoni,Tiger Flathead,305,FL,222,,
IN2024_V03,muscle,10098679,2_I1,IN2024_V03_258,29/05/2024 16:48,-35.980148,150.299991,111.9,1,37296001,Platycephalus richardsoni,Tiger Flathead,316,FL,228,,
IN2024_V03,muscle,10098778,2_I2,IN2024_V03_258,29/05/2024 16:48,-35.980148,150.299991,111.9,4,37296001,Platycephalus richardsoni,Tiger Flathead,390,FL,478,,
