SITE,SITE_ID,SURVEY_OPS,VYG_OPN_NO,GEAR,DEPLOYED_TIME,ON_BOTTOM_TIME,Gear_Long_S,Gear_Lat_S,Gear_Long_E,Gear_Lat_E,BottomDepth_start,BottomDepth_end,Planning_Design,Habitat Hyp NOTE,location Match to planned,PLAN_cluster_original,PLAN_point_original,PLAN_x,PLAN_y,PLAN_TOD,Annotation
N1,N1.2,IN2023_V05_009,9,CTD,30/06/2023 20:40,,148.793179,-40.326022,,,95,,Station,,good,8,2,148.7796096,-40.34608892,day,
N1,N1.2,IN2023_V05_010,10,McKenna Trawl,30/06/2023 21:43,30/06/2023 22:15,148.777346,-40.350858,148.769774,-40.36143,65.18,67.89,Station,,good,8,2,148.7796096,-40.34608892,day,
N1,N1.1,IN2023_V05_011,11,CTD,1/07/2023 1:27,,148.778936,-40.307802,,,96,,Station,,good,8,3,148.7688437,-40.32878649,day,
N1,N1.1,IN2023_V05_012,12,McKenna Trawl,1/07/2023 2:37,1/07/2023 3:06,148.768471,-40.323211,148.758457,-40.337037,83.97,61.83,Station,,good,8,3,148.7688437,-40.32878649,day,
N1,N1.1,IN2023_V05_013,13,Multinet,1/07/2023 4:59,,148.790569,-40.303973,,,98,,Station,,good,8,3,148.7688437,-40.32878649,day,
N2,N2.1,IN2023_V05_014,14,CTD,1/07/2023 9:58,1/07/2023 10:05,148.727716,-40.085025,,,104,,Cluster,,good,20,1,148.7081219,-40.12174135,night,
N2,N2.1,IN2023_V05_015,15,Deep Towed Camera,1/07/2023 10:47,1/07/2023 10:54,148.717125,-40.098458,148.714392,-40.103392,90.44,83.14,Cluster,design,good,20,1,148.7081219,-40.12174135,night,
N2,N2.2,IN2023_V05_016,16,Deep Towed Camera,,1/07/2023 11:09,148.714082,-40.106261,148.707194,-40.119421,88.14,76.08,Cluster,design,good,20,1,148.7081219,-40.12174135,night,
N2,N2.3,IN2023_V05_017,17,Deep Towed Camera,,1/07/2023 11:47,148.70624,-40.12583,148.700481,-40.139411,69.63,77.47,Cluster,design,good,20,1,148.7081219,-40.12174135,night,
N2,N2.1,IN2023_V05_018,18,Multinet,1/07/2023 14:25,,148.703303,-40.089782,,,85,,Cluster,,good,20,1,148.7081219,-40.12174135,night,
N3,N3.2,IN2023_V05_019,19,CTD,1/07/2023 19:40,1/07/2023 19:48,148.757878,-40.095823,,,110,,Station,,good,6,2,148.7621773,-40.07185903,day,
N3,N3.2,IN2023_V05_020,20,McKenna Trawl,1/07/2023 20:32,1/07/2023 20:57,148.752493,-40.096587,148.742878,-40.114827,105.7,121.5,Station,,good,6,2,148.7621773,-40.07185903,day,
N3,N3.3,IN2023_V05_021,21,CTD,1/07/2023 23:32,1/07/2023 23:44,148.708424,-40.071836,,,86,,Station,,good,6,1,148.7230417,-40.04749295,day,
N3,N3.3,IN2023_V05_022,22,McKenna Trawl,2/07/2023 0:55,2/07/2023 1:23,148.719825,-40.053854,148.709662,-40.074068,109.4,88.09,Station,,good,6,1,148.7230417,-40.04749295,day,
N3,N3.3,IN2023_V05_023,23,Multinet,2/07/2023 3:06,,148.712713,-40.06472,,,98,,Station,,good,6,1,148.7230417,-40.04749295,day,
N3,N3.1,IN2023_V05_024,24,McKenna Trawl,2/07/2023 4:55,2/07/2023 5:19,148.714092,-40.044098,148.701028,-40.071174,109.5,72.36,Station,,good,6,3,148.705389,-40.06023169,day,
N5,N5.2,IN2023_V05_027,27,Deep Towed Camera,2/07/2023 13:26,2/07/2023 13:33,148.731114,-39.524651,148.719814,-39.52557,119.4,113.7,Station,design,off mark,16,3,148.6311815,-39.52973374,day,
N5,N5.2,IN2023_V05_028,28,Deep Towed Camera,,2/07/2023 14:03,148.713598,-39.524574,148.700439,-39.52557,108.7,101.2,Station,design,off mark,16,3,148.6311815,-39.52973374,day,
N5,N5.2,IN2023_V05_029,29,Deep Towed Camera,,2/07/2023 14:40,148.696631,-39.525724,148.685611,-39.528157,98.56,105.7,Station,design,off mark,16,3,148.6311815,-39.52973374,day,
N5,N5.2,IN2023_V05_030,30,CTD,2/07/2023 20:09,2/07/2023 20:17,148.658996,-39.506575,,,92,,Station,,off mark,16,3,148.6311815,-39.52973374,day,
N5,N5.2,IN2023_V05_031,31,McKenna Trawl,2/07/2023 20:52,2/07/2023 21:19,148.676298,-39.535029,148.687995,-39.556725,124.6,111.6,Station,,off mark,16,3,148.6311815,-39.52973374,day,
N5,N5.3,IN2023_V05_032,32,McKenna Trawl,3/07/2023 0:30,3/07/2023 0:58,148.572064,-39.47151,148.58301,-39.49417,66.24,51.54,Station,,Actual is good for  5.1,16,2,148.5559196,-39.46837189,day,
N5,N5.3,IN2023_V05_033,33,CTD,3/07/2023 3:23,,148.549888,-39.46674,,,52,,Station,,Actual is good for  5.1,16,2,148.5559196,-39.46837189,day,
N5,N5.3,IN2023_V05_034,34,Multinet,3/07/2023 4:08,,148.548449,-39.46562,,,51,,Station,,Actual is good for  5.1,16,2,148.5559196,-39.46837189,day,
N5,N5.1,IN2023_V05_035,35,McKenna Trawl,3/07/2023 5:34,3/07/2023 5:58,148.553257,-39.471432,148.559061,-39.483956,45.37,42.17,Station,,Actual is good for  5.3,16,1,148.5664355,-39.48320525,day,
N6,N6.1,IN2023_V05_036,36,CTD,3/07/2023 10:32,,148.661285,-39.347603,,,223,,Cluster,,good,24,1,148.6675531,-39.33870206,night,
N6,N6.1,IN2023_V05_037,37,Deep Towed Camera,3/07/2023 11:40,3/07/2023 11:55,148.660106,-39.363438,148.655023,-39.356795,121,181.8,Cluster,design,good,24,1,148.6675531,-39.33870206,night,
N6,N6.2,IN2023_V05_038,38,Deep Towed Camera,,3/07/2023 12:34,148.653886,-39.352401,148.653351,-39.343027,224.5,427.5,Cluster,design,good,24,1,148.6675531,-39.33870206,night,
N6,N6.3,IN2023_V05_039,39,Deep Towed Camera,,3/07/2023 13:27,148.655968,-39.335955,148.656474,-39.329565,425,485.4,Cluster,design,good,24,1,148.6675531,-39.33870206,night,
N6,N6,IN2023_V05_040,40,Multinet,3/07/2023 15:18,,148.66561,-39.339851,,,229,,Cluster,,good,24,1,148.6675531,-39.33870206,night,
N7,N7.1,IN2023_V05_041,41,CTD,3/07/2023 19:11,3/07/2023 19:22,148.59172,-39.344213,,,93,,Station,,good,24,2,148.6113506,-39.33284475,day,
N7,N7.1,IN2023_V05_042,42,McKenna Trawl,3/07/2023 20:31,3/07/2023 21:03,148.599113,-39.342528,148.619395,-39.328879,116.6,121.3,Station,,good,24,2,148.6113506,-39.33284475,day,
N7,N7.2,IN2023_V05_043,43,McKenna Trawl,3/07/2023 23:30,4/07/2023 0:08,148.65133,-39.29805,148.66213,-39.290669,314.7,388.5,Station,,good,8,3,148.6511694,-39.29734531,day,
N7,N7.2,IN2023_V05_044,44,CTD,4/07/2023 2:56,4/07/2023 2:56,148.6528,-39.292398,,,318,,Station,,good,8,3,148.6511694,-39.29734531,day,
N7,N7.2,IN2023_V05_045,45,Multinet,4/07/2023 4:04,,148.655754,-39.294956,,,341,,Station,,good,8,3,148.6511694,-39.29734531,day,
N7,N7.3,IN2023_V05_046,46,McKenna Trawl,4/07/2023 6:09,4/07/2023 6:34,148.624692,-39.31761,148.647769,-39.302316,141,127.7,Station,,good,8,1,148.6060993,-39.32542991,day,
N8,N8.1,IN2023_V05_047,47,CTD,4/07/2023 10:56,,148.543892,-39.173424,,,101,,Cluster,,good,10,2,148.5451432,-39.17217119,night,
N8,N8.1,IN2023_V05_048,48,Deep Towed Camera,4/07/2023 12:09,4/07/2023 12:20,148.535752,-39.174662,148.541922,-39.166646,92.18,98.41,Cluster,design,good,10,2,148.5451432,-39.17217119,night,
N8,N8.2,IN2023_V05_049,49,Deep Towed Camera,,4/07/2023 13:03,148.547566,-39.163799,148.558064,-39.159983,97.93,102.3,Cluster,design,good,10,2,148.5451432,-39.17217119,night,
N8,N8.3,IN2023_V05_050,50,Deep Towed Camera,,4/07/2023 13:36,148.563057,-39.159501,148.578601,-39.161865,107.3,106.7,Cluster,design,good,10,2,148.5451432,-39.17217119,night,
N8,N8.1,IN2023_V05_051,51,Multinet,4/07/2023 15:11,,148.547609,-39.173935,,,101,,Cluster,,good,10,2,148.5451432,-39.17217119,night,
N9,N9.2,IN2023_V05_052,52,CTD,4/07/2023 19:32,4/07/2023 19:47,148.654538,-39.054276,,,491,,Station,,good,9,3,148.6429869,-39.05536261,day,
N9,N9.1,IN2023_V05_053,53,McKenna Trawl,4/07/2023 21:00,4/07/2023 21:33,148.650899,-39.108258,148.647217,-39.084286,397.4,456,Station,,ok,9,1,148.6394861,-39.12280108,day,
N9,N9.3,IN2023_V05_054,54,McKenna Trawl,5/07/2023 0:00,5/07/2023 0:30,148.5885,-39.044339,148.608308,-39.03343,439.2,420.4,Station,,good,9,2,148.5944664,-39.03606882,day,
N9,N9.1,IN2023_V05_055,55,CTD,5/07/2023 2:46,5/07/2023 2:46,148.646542,-39.056085,,,457,,Station,,ok,9,1,148.6394861,-39.12280108,day,
N9,N9.1,IN2023_V05_056,56,Multinet,5/07/2023 3:59,,148.646097,-39.059106,,,448,,Station,,ok,9,1,148.6394861,-39.12280108,day,
N9,N9.2,IN2023_V05_057,57,McKenna Trawl,5/07/2023 5:50,5/07/2023 6:30,148.663217,-39.077931,148.656378,-39.054138,499.5,497,Station,,good,9,3,148.6429869,-39.05536261,day,
N10,N10.1,IN2023_V05_058,58,CTD,5/07/2023 11:30,,148.516765,-38.961691,,,221,,Cluster,,good,12,2,148.5153926,-38.9585786,night,
N10,N10.1,IN2023_V05_059,59,Deep Towed Camera,5/07/2023 12:21,5/07/2023 12:27,148.516463,-38.965293,148.513965,-38.957452,178.4,201,Cluster,design,good,12,2,148.5153926,-38.9585786,night,
N10,N10.2,IN2023_V05_060,60,Deep Towed Camera,,5/07/2023 12:56,148.511652,-38.953983,148.511161,-38.94522,216.1,260.7,Cluster,design,good,12,2,148.5153926,-38.9585786,night,
N10,N10.3,IN2023_V05_061,61,Deep Towed Camera,,5/07/2023 13:35,148.509364,-38.939545,148.515601,-38.930055,256.4,305.7,Cluster,design,good,12,2,148.5153926,-38.9585786,night,
N10,N10.3,IN2023_V05_062,62,Multinet,5/07/2023 14:55,,148.511705,-38.923891,,,351,,Cluster,,good,12,2,148.5153926,-38.9585786,night,
N11,N11.2,IN2023_V05_063,63,CTD,5/07/2023 19:24,5/07/2023 19:30,148.325043,-38.956762,,,80,,Station,,good,SS199305_079,1923,148.32167,-38.93167,day,
N11,N11.1,IN2023_V05_064,64,McKenna Trawl,5/07/2023 20:37,5/07/2023 21:01,148.340422,-38.949001,148.323703,-38.923594,98.34,76.43,Station,,good,SS199602_031,2261,148.345,-38.95,day,
N11,N11.3,IN2023_V05_065,65,McKenna Trawl,5/07/2023 23:08,5/07/2023 23:30,148.32096,-38.957995,148.306729,-38.936526,89.22,75.86,Station,,good,SS199606_239,2521,148.3,-38.915,day,
N11,N11.3,IN2023_V05_066,66,CTD,6/07/2023 1:10,6/07/2023 1:17,148.312121,-38.934941,,,83,,Station,,good,SS199606_239,2521,148.3,-38.915,day,
N11,N11.3,IN2023_V05_067,67,Multinet,6/07/2023 2:34,,148.304568,-38.93598,,,82,,Station,,good,SS199606_239,2521,148.3,-38.915,day,
N11,N11.2,IN2023_V05_068,68,McKenna Trawl,6/07/2023 4:01,6/07/2023 4:28,148.328346,-38.951603,148.313087,-38.929194,90.9,71.84,Station,,good,SS199305_079,1923,148.32167,-38.93167,day,
N14,N14.1,IN2023_V05_069,69,Deep Towed Camera,6/07/2023 11:04,6/07/2023 11:13,148.44514,-38.677729,148.443074,-38.686538,276.4,315.9,Cluster,design,good,3,2,148.4631971,-38.68134967,night,
N14,N14.2,IN2023_V05_070,70,Deep Towed Camera,,6/07/2023 11:51,148.443109,-38.691248,148.444967,-38.700009,316.9,372.3,Cluster,design,good,3,2,148.4631971,-38.68134967,night,
N14,N14.3,IN2023_V05_071,71,Deep Towed Camera,,6/07/2023 12:29,148.446182,-38.704652,148.449859,-38.713806,380.2,477.8,Cluster,design,good,3,2,148.4631971,-38.68134967,night,
N14,N14.3,IN2023_V05_072,72,CTD,6/07/2023 13:56,,148.448346,-38.712569,,,,,Cluster,,good,3,2,148.4631971,-38.68134967,night,
N14,N14.3,IN2023_V05_073,73,Multinet,6/07/2023 15:03,,148.439658,-38.712503,,,451,,Cluster,,good,3,2,148.4631971,-38.68134967,night,
N21,N21.3,IN2023_V05_197,197,CTD,22/07/2023 19:53,22/07/2023 20:04,149.153787,-38.216719,,,164,,Station,,good,17,1,149.1470958,-38.22851,day,
N21,N21.3,IN2023_V05_198,198,McKenna Trawl,22/07/2023 20:39,22/07/2023 21:05,149.154564,-38.216301,149.123259,-38.227683,180.8,169.7,Station,,good,17,1,149.1470958,-38.22851,day,
N21,N21.1,IN2023_V05_199,199,McKenna Trawl,23/07/2023 0:06,23/07/2023 0:47,149.033157,-38.295526,149.001344,-38.307952,460.5,440.4,Station,,off mark,17,3,149.1037422,-38.28670492,day,
N21,N21.1,IN2023_V05_200,200,CTD,23/07/2023 2:42,,148.939132,-38.326358,,,465,,Station,,off mark,17,3,149.1037422,-38.28670492,day,
N22,N22.1,IN2023_V05_194,194,Deep Towed Camera,22/07/2023 14:36,22/07/2023 14:44,149.29789,-38.17862,149.28473,-38.19233,203,239.6,Station,design_legacy,off mark (video overlapping old trawl SS199405_082),1,1,149.2016358,-38.29489198,night,
N22,N22.1,IN2023_V05_195,195,Multinet,22/07/2023 16:21,,149.273747,-38.19997,,,244,,Station,,off mark (video overlapping old trawl SS199405_082),1,1,149.2016358,-38.29489198,night,
N22,N22.1,IN2023_V05_196,196,CTD,22/07/2023 17:15,22/07/2023 17:25,149.259964,-38.209435,,,241,,Station,,off mark (video overlapping old trawl SS199405_082),1,1,149.2016358,-38.29489198,night,
N23,N23.2,IN2023_V05_186,186,CTD,21/07/2023 20:01,21/07/2023 20:10,149.295507,-38.206941,,,267,,Station,,good,SS199305_178,1996,149.293335,-38.20667,day,
N23,N23.2,IN2023_V05_187,187,McKenna Trawl,21/07/2023 20:55,21/07/2023 21:30,149.304733,-38.204931,149.277961,-38.219915,300.9,295.5,Station,,good,SS199305_178,1996,149.293335,-38.20667,day,
N23,N23.1,IN2023_V05_188,188,McKenna Trawl,22/07/2023 0:15,22/07/2023 0:55,149.326626,-38.211941,149.309334,-38.228014,345.1,343.9,Station,,off mark,SS199305_174,1997,149.275,-38.19833,day,
N23,N23.1,IN2023_V05_189,189,CTD,22/07/2023 2:46,22/07/2023 2:59,149.273028,-38.274606,,,441,,Station,,off mark,SS199305_174,1997,149.275,-38.19833,day,
N23,N23.1,IN2023_V05_190,190,Multinet,22/07/2023 3:42,,149.270577,-38.274661,,,429,,Station,,off mark,SS199305_174,1997,149.275,-38.19833,day,
N23,N23.3,IN2023_V05_191,191,McKenna Trawl,22/07/2023 6:21,22/07/2023 6:45,149.332491,-38.105528,149.305499,-38.12651,170.2,136.9,Station,,good,"SS199606_208, SS199606_221",2501,149.340835,-38.107505,day,
N25,N25.3,IN2023_V05_178,178,McKenna Trawl,19/07/2023 4:20,19/07/2023 4:45,149.365836,-37.882569,149.335802,-37.890866,126.6,81.52,Station,,good,7,1,149.3809246,-37.87954571,day,
N25,N25.1,IN2023_V05_179,179,Multinet,19/07/2023 6:10,,149.304198,-37.896248,,,116,,Station,,good,7,3,149.2895541,-37.90382424,day,
N25,N25.1,IN2023_V05_180,180,CTD,19/07/2023 7:02,,149.29269,-37.902277,,,116,,Station,,good,7,3,149.2895541,-37.90382424,day,
N26,N26.1,IN2023_V05_192,192,Deep Towed Camera,22/07/2023 9:04,22/07/2023 9:10,149.471471,-38.106225,149.441859,-38.125081,158.4,453.1,Station,design_legacy,good,SS200404_093,6097,149.45331,-38.108445,night,
N26,N26.2,IN2023_V05_193,193,Deep Towed Camera,22/07/2023 11:44,22/07/2023 11:50,149.515809,-38.128975,149.486136,-38.147898,157.7,446.9,Station,design_legacy,good,SS200404_092,4980,149.492855,-38.13553,night,
N27,N27.1,IN2023_V05_173,173,CTD,17/07/2023 20:07,17/07/2023 20:16,149.637314,-38.13588,,,163,,Station,,ok,SS199606_234,2004,149.60017,-38.165,day,
N27,N27.1,IN2023_V05_174,174,McKenna Trawl,17/07/2023 20:54,17/07/2023 21:20,149.594855,-38.129719,149.562936,-38.124298,175.8,175.1,Station,,ok,SS199606_234,2004,149.60017,-38.165,day,
N27,N27.2,IN2023_V05_175,175,McKenna Trawl,17/07/2023 23:51,18/07/2023 0:15,149.597671,-38.113288,149.579232,-38.111718,168.2,168.4,Station,,ok -- LEGACY SS199606_235,23,3,149.5622178,-38.15278887,day,
N27,N27.3,IN2023_V05_176,176,CTD,18/07/2023 3:26,18/07/2023 3:35,149.677256,-38.175863,,,283,,Station,,ok,SS199305_202,2003,149.62217,-38.16917,day,
N27,N27.3,IN2023_V05_177,177,Multinet,18/07/2023 4:03,,149.674997,-38.174902,,,280,,Station,,ok,SS199305_202,2003,149.62217,-38.16917,day,
N28,N28.1,IN2023_V05_168,168,CTD,17/07/2023 9:50,,149.537168,-38.183369,,,476,,Cluster,,"off mark (deliberate) - replaced: legacy video x3 (SS200001_244, SS200404_090, SS200001_236 (LING)",10,0,149.8301975,-37.97824249,night,
N28,N28.1,IN2023_V05_169,169,Multinet,17/07/2023 10:45,,149.53889,-38.18391,,,480,,Cluster,,"off mark (deliberate) - replaced: legacy video x3 (SS200001_244, SS200404_090, SS200001_236 (LING)",10,0,149.8301975,-37.97824249,night,
N28,N28.1,IN2023_V05_170,170,Deep Towed Camera,17/07/2023 13:23,17/07/2023 13:36,149.573681,-38.191036,149.537052,-38.184762,356.2,480.8,Cluster,design_legacy,"off mark (deliberate) - replaced: legacy video x3 (SS200001_244, SS200404_090, SS200001_236 (LING)",10,0,149.8301975,-37.97824249,night,"Opportunistic, not annotated at sea"
N28,N28.2,IN2023_V05_171,171,Deep Towed Camera,17/07/2023 16:16,17/07/2023 16:28,149.552083,-38.181535,149.539974,-38.187744,332.1,509.7,Cluster,design_legacy,"off mark (deliberate) - replaced: legacy video x3 (SS200001_244, SS200404_090, SS200001_236 (LING)",10,0,149.8301975,-37.97824249,night,"Opportunistic, not annotated at sea"
N28,N28.2,IN2023_V05_172,172,Deep Towed Camera,17/07/2023 17:50,17/07/2023 18:00,149.553402,-38.185175,149.570656,-38.190018,361.7,359,Cluster,design_legacy,"off mark (deliberate) - replaced: legacy video x3 (SS200001_244, SS200404_090, SS200001_236 (LING)",10,0,149.8301975,-37.97824249,night,"Opportunistic, not annotated at sea"
N31,N31.3,IN2023_V05_162,162,CTD,16/07/2023 19:35,16/07/2023 19:46,150.075226,-37.876327,,,299,,Station,,good,SS199602_067,2286,150.03084,-37.9375,day,
N31,N31.3,IN2023_V05_163,163,McKenna Trawl,16/07/2023 20:38,16/07/2023 21:13,150.049456,-37.911535,150.033606,-37.933141,257.7,232.5,Station,,good,SS199602_067,2286,150.03084,-37.9375,day,
N31,N31.2,IN2023_V05_164,164,McKenna Trawl,16/07/2023 23:32,17/07/2023 0:18,150.110072,-37.979738,150.096534,-38.006105,541.3,527.2,Station,,good,14,3,150.0934511,-38.01021459,day,
N31,N31.2,IN2023_V05_165,165,CTD,17/07/2023 2:19,17/07/2023 2:31,150.057284,-38.045166,,,432,,Station,,good,14,3,150.0934511,-38.01021459,day,
N31,N31.2,IN2023_V05_166,166,Multinet,17/07/2023 3:02,,150.058072,-38.045462,,,434,,Station,,good,14,3,150.0934511,-38.01021459,day,
N31,N31.1,IN2023_V05_167,167,McKenna Trawl,17/07/2023 5:00,17/07/2023 5:34,150.077262,-37.943992,150.070048,-37.972002,358.6,330.7,Station,,good,22,1,150.0620012,-37.9736029,day,
N32,N32.1,IN2023_V05_157,157,Deep Towed Camera,16/07/2023 9:44,16/07/2023 10:01,150.111261,-37.911163,150.101763,-37.916676,369.3,352.9,Cluster,design,good,17,0,150.1039343,-37.91593115,night,
N32,N32.3,IN2023_V05_159,159,Deep Towed Camera,,16/07/2023 11:25,150.083098,-37.931129,150.074269,-37.937191,318.4,305.3,Cluster,design,good,17,0,150.1039343,-37.91593115,night,
N32,N32.3,IN2023_V05_160,160,CTD,16/07/2023 12:51,,150.082459,-37.928585,,,314,,Cluster,,good,17,0,150.1039343,-37.91593115,night,
N32,N32.3,IN2023_V05_161,161,Multinet,16/07/2023 13:43,,150.080825,-37.921843,,,304,,Cluster,,good,17,0,150.1039343,-37.91593115,night,
N33,N33.3,IN2023_V05_141,141,McKenna Trawl,14/07/2023 20:52,14/07/2023 21:25,150.068486,-37.733183,150.061627,-37.750456,141.5,115.4,Station,,good,SS199405_190,2126,150.05667,-37.76333,day,
N33,N33.1,IN2023_V05_142,142,McKenna Trawl,14/07/2023 22:57,14/07/2023 23:21,150.106898,-37.763773,150.117997,-37.738514,165.9,158,Station,,good,SS199606_174,2478,150.11166,-37.75834,day,
N33,N33.2,IN2023_V05_143,143,CTD,15/07/2023 1:24,15/07/2023 1:34,150.138751,-37.674088,,,144,,Station,,good,SS199606_172,2476,150.10667,-37.715,day,
N33,N33.2,IN2023_V05_144,144,Multinet,15/07/2023 2:36,,150.131647,-37.673652,,,143,,Station,,good,SS199606_172,2476,150.10667,-37.715,day,
N33,N33.2,IN2023_V05_145,145,McKenna Trawl,15/07/2023 4:06,15/07/2023 4:34,150.128705,-37.700167,150.121037,-37.715339,161.4,155.6,Station,,good,SS199606_172,2476,150.10667,-37.715,day,
N33,N33.2,IN2023_V05_158,158,Deep Towed Camera,,16/07/2023 10:45,150.096687,-37.920414,150.088309,-37.926929,341,322.3,Station,design,good,SS199606_172,2476,150.10667,-37.715,day,
N34,N34.1,IN2023_V05_074,74,Deep Towed Camera,7/07/2023 10:27,7/07/2023 10:33,150.064373,-37.726877,150.055206,-37.722049,133,134.1,Station,design_legacy,good,SS200001_060,2510,150.0579545,-37.726012,night,
N34,N34.2,IN2023_V05_075,75,Deep Towed Camera,,7/07/2023 11:00,150.050167,-37.719979,150.039673,-37.718845,115.5,107.3,Station,design_legacy,off mark,SS199606_175,589,150.010825,-37.75,night,
N34,N34.3,IN2023_V05_076,76,Deep Towed Camera,,7/07/2023 11:34,150.036457,-37.719001,150.025781,-37.719568,116.8,114.8,Station,design_legacy,,SS200001_060,2510,150.0579545,-37.726012,night,
N35,N35.2,IN2023_V05_138,138,Deep Towed Camera,14/07/2023 17:56,14/07/2023 18:03,150.073243,-37.653616,150.069729,-37.661472,130.3,120.1,Station,GABO_reef,good,3,1,150.0500624,-37.68440489,day,"Opportunistic, not annotated at sea"
N35,N35.2,IN2023_V05_139,139,Deep Towed Camera,,14/07/2023 18:46,150.068063,-37.665771,150.066425,-37.675093,121.1,120.7,Station,GABO_reef,good,3,1,150.0500624,-37.68440489,day,"Opportunistic, not annotated at sea"
N35,N35.2,IN2023_V05_140,140,Deep Towed Camera,,14/07/2023 19:38,150.065271,-37.67979,150.063186,-37.688411,126.3,131.5,Station,GABO_reef,good,3,1,150.0500624,-37.68440489,day,"Opportunistic, not annotated at sea"
N35,N35.4,IN2023_V05_146,146,Deep Towed Camera,15/07/2023 9:30,15/07/2023 9:44,150.013454,-37.657304,150.010139,-37.667724,99.83,100.9,oppotunistic,GABO_reef,,,,,,,"Opportunistic, not annotated at sea"
N35,N35.5,IN2023_V05_147,147,Deep Towed Camera,,15/07/2023 10:30,150.007949,-37.671565,150.001158,-37.679482,106.6,107.6,oppotunistic,GABO_reef,,,,,,,"Opportunistic, not annotated at sea"
N35,N35.6,IN2023_V05_148,148,Deep Towed Camera,,15/07/2023 11:12,149.999262,-37.683616,149.993214,-37.69135,99.88,95.84,oppotunistic,GABO_reef,,,,,,,"Opportunistic, not annotated at sea"
N35,N35.1,IN2023_V05_149,149,CTD,15/07/2023 12:15,,149.988653,-37.686444,,,101,,Station,,good,SS199405_088 & SS199602_075 & SS199606_084,2064,149.9025,-37.618335,day,
N35,N35.1,IN2023_V05_150,150,Multinet,15/07/2023 13:23,,149.986806,-37.669107,,,99,,Station,,good,SS199405_088 & SS199602_075 & SS199606_084,2064,149.9025,-37.618335,day,
N35,N35.3,IN2023_V05_151,151,CTD,15/07/2023 19:37,15/07/2023 19:45,149.988001,-37.646111,,,103,,Station,,good,3,2,150.0138242,-37.64789991,day,
N35,N35.3,IN2023_V05_152,152,McKenna Trawl,15/07/2023 20:27,15/07/2023 21:02,149.987086,-37.655003,149.959965,-37.660985,107.8,111,Station,,good,3,2,150.0138242,-37.64789991,day,
N35,N35.1,IN2023_V05_153,153,McKenna Trawl,15/07/2023 23:31,15/07/2023 23:55,149.908929,-37.617319,149.877408,-37.616884,103.1,84.92,Station,,good,SS199405_088 & SS199602_075 & SS199606_084,2064,149.9025,-37.618335,day,
N35,N35.2,IN2023_V05_154,154,CTD,16/07/2023 2:31,16/07/2023 2:31,150.021298,-37.65316,,,103,,Station,,good,3,1,150.0500624,-37.68440489,day,
N35,N35.2,IN2023_V05_155,155,Multinet,16/07/2023 3:02,,150.023099,-37.64819,,,104,,Station,,good,3,1,150.0500624,-37.68440489,day,
N35,N35.2,IN2023_V05_156,156,McKenna Trawl,16/07/2023 4:11,16/07/2023 4:37,149.962068,-37.670804,149.931404,-37.677565,109.6,89.35,Station,,good,3,1,150.0500624,-37.68440489,day,
N36,N36.1,IN2023_V05_121,121,Deep Towed Camera,13/07/2023 13:51,13/07/2023 13:55,150.26764,-37.430516,150.278108,-37.423898,140.9,163.4,Cluster,design,ok,11,0,150.2563988,-37.45160149,night,
N36,N36.2,IN2023_V05_122,122,Deep Towed Camera,,13/07/2023 14:27,150.281454,-37.422213,150.289807,-37.41515,165.5,175.7,Cluster,design,ok,11,0,150.2563988,-37.45160149,night,
N36,N36.3,IN2023_V05_123,123,Deep Towed Camera,,13/07/2023 14:58,150.293472,-37.413227,150.305518,-37.406246,176.4,252.6,Cluster,design,ok,11,0,150.2563988,-37.45160149,night,
N36,N36.3,IN2023_V05_124,124,CTD,13/07/2023 16:15,13/07/2023 16:27,150.312291,-37.402353,,,288,,Cluster,,ok,11,0,150.2563988,-37.45160149,night,
N36,N36.3,IN2023_V05_125,125,Multinet,13/07/2023 17:18,,150.303242,-37.397267,,,193,,Cluster,,ok,11,0,150.2563988,-37.45160149,night,
N36,N36.2,IN2023_V05_126,126,CTD,13/07/2023 20:02,13/07/2023 20:10,150.288356,-37.378881,,,154,,Cluster,,ok,11,0,150.2563988,-37.45160149,night,
N37,N37.2,IN2023_V05_127,127,McKenna Trawl,13/07/2023 20:47,13/07/2023 21:15,150.298387,-37.386951,150.290169,-37.410103,178.5,169.1,Station,,good,"SS199602_102, SS199305_124",2309,150.295825,-37.39833,day,
N37,N37.3,IN2023_V05_128,128,McKenna Trawl,14/07/2023 0:00,14/07/2023 0:27,150.280088,-37.418448,150.277739,-37.430903,165.2,142.5,Station,,good,"SS199405_111, SS199606_127",2076,150.281665,-37.415835,day,
N37,N37.1,IN2023_V05_129,129,CTD,14/07/2023 2:14,14/07/2023 2:20,150.27515,-37.425067,,,159,,Station,,ok,SS199606_127,2447,150.275005,-37.42583,day,
N37,N37.1,IN2023_V05_130,130,Multinet,14/07/2023 2:50,,150.273193,-37.419831,,,155,,Station,,ok,SS199606_127,2447,150.275005,-37.42583,day,
N37,N37.1,IN2023_V05_131,131,McKenna Trawl,14/07/2023 4:19,14/07/2023 4:41,150.260044,-37.460721,150.248805,-37.484899,174.9,159.9,Station,,ok,SS199606_127,2447,150.275005,-37.42583,day,
N38,N38.1,IN2023_V05_082,82,Deep Towed Camera,8/07/2023 9:50,8/07/2023 9:56,150.21583,-37.341233,150.213724,-37.33179,115.1,115.5,Station,design_legacy,good,SS199606_157,423,150.210845,-37.321665,night,
N38,N38.2,IN2023_V05_083,83,Deep Towed Camera,,8/07/2023 10:19,150.212935,-37.327752,150.210844,-37.319154,120.4,118.2,Station,design_legacy,good,SS199606_192,292,150.2125,-37.32917,night,
N38,N38.3,IN2023_V05_084,84,Deep Towed Camera,,8/07/2023 10:37,150.209808,-37.316015,150.207057,-37.307193,118.5,116.7,Station,design_legacy,,SS199606_157,423,150.210845,-37.321665,night,
N38,N38.3,IN2023_V05_085,85,Multinet,8/07/2023 11:41,,150.200836,-37.287263,,,114,,oppotunistic,,,,,,,,
N38,N38.4,IN2023_V05_132,132,Deep Towed Camera,14/07/2023 9:20,14/07/2023 9:27,150.233613,-37.363948,150.221242,-37.360131,122.5,123.8,oppotunistic,GABO_reef,,,,,,,"Opportunistic, not annotated at sea"
N38,N38.5,IN2023_V05_133,133,Deep Towed Camera,,14/07/2023 10:07,150.214747,-37.357738,150.207967,-37.350164,118.8,114.4,oppotunistic,GABO_reef,,,,,,,"Opportunistic, not annotated at sea"
N38,N38.6,IN2023_V05_134,134,Deep Towed Camera,,14/07/2023 10:41,150.206681,-37.344915,150.205659,-37.335698,111.5,118.4,oppotunistic,GABO_reef,,,,,,,"Opportunistic, not annotated at sea"
N38,N38.7,IN2023_V05_135,135,Deep Towed Camera,14/07/2023 13:30,14/07/2023 13:37,150.158522,-37.462477,150.152547,-37.471111,121.5,115.5,oppotunistic,GABO_reef,,,,,,,"Opportunistic, not annotated at sea"
N38,N38.8,IN2023_V05_136,136,Deep Towed Camera,,14/07/2023 14:20,150.149569,-37.473623,150.142119,-37.481826,117.6,109.7,oppotunistic,GABO_reef,,,,,,,"Opportunistic, not annotated at sea"
N38,N38.9,IN2023_V05_137,137,Deep Towed Camera,,14/07/2023 15:04,150.139722,-37.484455,150.133002,-37.492395,112.2,120.9,oppotunistic,GABO_reef,,,,,,,"Opportunistic, not annotated at sea"
N38,N38.10,IN2023_V05_183,183,Deep Towed Camera,20/07/2023 14:29,20/07/2023 14:35,150.253604,-37.317462,150.229009,-37.293513,123.1,65.87,oppotunistic,GABO_reef,,,,,,,"Opportunistic, not annotated at sea"
N38,N38.11,IN2023_V05_184,184,Deep Towed Camera,20/07/2023 18:12,20/07/2023 18:20,150.171916,-37.44582,150.144287,-37.461631,120.3,70.2,oppotunistic,GABO_reef,,,,,,,"Opportunistic, not annotated at sea"
N38,N38.12,IN2023_V05_185,185,Deep Towed Camera,20/07/2023 23:12,20/07/2023 23:19,150.183182,-37.402316,150.167734,-37.419234,117.2,115.9,oppotunistic,GABO_reef,,,,,,,"Opportunistic, not annotated at sea"
N39,N39.3,IN2023_V05_077,77,CTD,7/07/2023 19:22,7/07/2023 19:29,150.050846,-37.343181,,,77,,Station,,off mark,SS199602_091,2301,150.02834,-37.3,day,
N39,N39.2,IN2023_V05_078,78,McKenna Trawl,7/07/2023 20:34,7/07/2023 20:58,150.0587,-37.323498,150.058666,-37.298957,86,73.97,Station,,good,SS199305_129,1943,150.05833,-37.33667,day,
N39,N39.1,IN2023_V05_079,79,McKenna Trawl,7/07/2023 23:20,7/07/2023 23:47,150.077422,-37.329757,150.097458,-37.309541,88.62,86.37,Station,,good,SS199602_186,2364,150.09166,-37.315,day,
N39,N39.3,IN2023_V05_080,80,Multinet,8/07/2023 3:47,,150.034529,-37.340297,,,71,,Station,,off mark,SS199602_091,2301,150.02834,-37.3,day,
N39,N39.3,IN2023_V05_081,81,McKenna Trawl,8/07/2023 5:18,8/07/2023 5:37,150.040732,-37.343128,150.063984,-37.338174,77.33,76.52,Station,,off mark,SS199602_091,2301,150.02834,-37.3,day,
N40,N40.1,IN2023_V05_118,118,Deep Towed Camera,13/07/2023 9:11,13/07/2023 9:22,150.326244,-37.33063,150.33749,-37.324659,213.1,293.4,Cluster,design,good,43,0,150.3390008,-37.32018599,night,
N40,N40.2,IN2023_V05_119,119,Deep Towed Camera,,13/07/2023 10:05,150.341317,-37.322751,150.350215,-37.316519,300.5,358.8,Cluster,design,good,43,0,150.3390008,-37.32018599,night,
N40,N40.3,IN2023_V05_120,120,Deep Towed Camera,,13/07/2023 10:47,150.354631,-37.313467,150.363613,-37.306893,397.2,508.9,Cluster,design,good,43,0,150.3390008,-37.32018599,night,
N40,N40.1,IN2023_V05_181,181,CTD,20/07/2023 10:44,20/07/2023 11:00,150.356247,-37.322063,,,432,,Cluster,,good,43,0,150.3390008,-37.32018599,night,
N40,N40.1,IN2023_V05_182,182,Multinet,20/07/2023 12:10,,150.373512,-37.337663,,,743,,Cluster,,good,43,0,150.3390008,-37.32018599,night,
N41,N41.3,IN2023_V05_086,86,CTD,8/07/2023 19:53,8/07/2023 20:03,150.332469,-37.151869,,,132,,Station,,good,6,3,150.3017984,-37.14353275,day,
N41,N41.3,IN2023_V05_087,87,McKenna Trawl,8/07/2023 20:45,8/07/2023 21:21,150.316416,-37.149188,150.285713,-37.137931,135.6,119.7,Station,,good,6,3,150.3017984,-37.14353275,day,
N41,N41.1,IN2023_V05_088,88,McKenna Trawl,8/07/2023 23:54,9/07/2023 0:18,150.249027,-37.127513,150.233711,-37.117682,124.7,120.5,Station,,good,6,1,150.2617645,-37.12966738,day,
N41,N41.2,IN2023_V05_089,89,CTD,9/07/2023 2:59,9/07/2023 3:14,150.360796,-37.186273,,,318,,Station,,good,SS199305_161,1958,150.345,-37.18583,day,
N41,N41.2,IN2023_V05_090,90,Multinet,9/07/2023 4:01,,150.355736,-37.183304,,,283,,Station,,good,SS199305_161,1958,150.345,-37.18583,day,
N42,N42.1,IN2023_V05_107,107,Deep Towed Camera,12/07/2023 11:13,12/07/2023 11:17,150.150992,-36.90616,150.161218,-36.90686,96.39,93.23,Cluster,design,good,16,0,150.1693821,-36.91153104,night,
N42,N42.2,IN2023_V05_108,108,Deep Towed Camera,,12/07/2023 11:48,150.16657,-36.906932,150.177578,-36.909999,107.2,86.82,Cluster,design,good,16,0,150.1693821,-36.91153104,night,
N42,N42.3,IN2023_V05_109,109,Deep Towed Camera,12/07/2023 12:38,12/07/2023 12:43,150.176417,-36.912684,150.164326,-36.909779,104.6,106.6,Cluster,design,good,16,0,150.1693821,-36.91153104,night,
N42,N42.1,IN2023_V05_110,110,CTD,12/07/2023 13:56,,150.15244,-36.906029,,,103,,Cluster,,good,16,0,150.1693821,-36.91153104,night,
N42,N42.1,IN2023_V05_111,111,Multinet,12/07/2023 14:51,,150.148304,-36.90661,,,101,,Cluster,,good,16,0,150.1693821,-36.91153104,night,
N43,N43.2,IN2023_V05_112,112,CTD,12/07/2023 19:43,12/07/2023 19:51,150.136486,-36.894364,,,97,,Station,,good,16,3,150.1295541,-36.91109504,day,
N43,N43.2,IN2023_V05_113,113,McKenna Trawl,12/07/2023 20:27,12/07/2023 20:47,150.127732,-36.917546,150.120353,-36.943036,101.1,64.16,Station,,good,16,3,150.1295541,-36.91109504,day,
N43,N43.1,IN2023_V05_114,114,McKenna Trawl,12/07/2023 22:23,12/07/2023 22:44,150.098437,-36.944279,150.106986,-36.917985,93.59,73.17,Station,,good,22,1,150.1009043,-36.93181507,day,
N43,N43.3,IN2023_V05_115,115,CTD,13/07/2023 0:08,13/07/2023 0:08,150.116109,-36.889419,,,89,,Station,,good,22,3,150.1160622,-36.88149801,day,
N43,N43.3,IN2023_V05_116,116,Multinet,13/07/2023 0:42,,150.113085,-36.886095,,,88,,Station,,good,22,3,150.1160622,-36.88149801,day,
N43,N43.3,IN2023_V05_117,117,McKenna Trawl,13/07/2023 2:10,13/07/2023 2:44,150.124004,-36.861745,150.11903,-36.886166,98.2,100.6,Station,,good,22,3,150.1160622,-36.88149801,day,
N44,N44.1,IN2023_V05_091,91,CTD,9/07/2023 9:18,,150.291022,-36.711691,,,172,,Cluster,,good,4,0,150.2850329,-36.7353371,night,
N44,N44.1,IN2023_V05_092,92,Multinet,9/07/2023 10:02,,150.289731,-36.706602,,,172,,Cluster,,good,4,0,150.2850329,-36.7353371,night,
N44,N44.1,IN2023_V05_093,93,Deep Towed Camera,9/07/2023 11:41,9/07/2023 11:48,150.297281,-36.728961,150.290267,-36.735398,170.7,157.7,Cluster,design,good,4,0,150.2850329,-36.7353371,night,
N44,N44.2,IN2023_V05_094,94,Deep Towed Camera,,9/07/2023 12:33,150.285473,-36.739222,150.279019,-36.74556,155.4,136,Cluster,design,good,4,0,150.2850329,-36.7353371,night,
N44,N44.3,IN2023_V05_095,95,Deep Towed Camera,,9/07/2023 13:23,150.275031,-36.749699,150.268377,-36.755752,146.8,138.2,Cluster,design,good,4,0,150.2850329,-36.7353371,night,
N45,N45.1,IN2023_V05_096,96,CTD,9/07/2023 19:33,9/07/2023 19:51,150.311724,-36.389608,,,181,,Station,,good,13,2,150.3136295,-36.39193556,day,
N45,N45.1,IN2023_V05_097,97,McKenna Trawl,9/07/2023 20:46,9/07/2023 21:14,150.31969,-36.365783,150.314419,-36.390272,218.8,213.6,Station,,good,13,2,150.3136295,-36.39193556,day,
N45,N45.3,IN2023_V05_101,101,CTD,11/07/2023 17:14,11/07/2023 17:33,150.346156,-36.382855,,,422,,Station,,good,15,3,150.3327066,-36.38142022,day,
N45,N45.3,IN2023_V05_102,102,Multinet,11/07/2023 18:22,,150.34454,-36.382465,,,480,,Station,,good,15,3,150.3327066,-36.38142022,day,
N45,N45.3,IN2023_V05_103,103,McKenna Trawl,11/07/2023 20:37,11/07/2023 21:09,150.332662,-36.381071,150.344989,-36.349539,353.1,393.3,Station,,good,15,3,150.3327066,-36.38142022,day,
N45,N45.2,IN2023_V05_104,104,McKenna Trawl,11/07/2023 23:10,12/07/2023 0:00,150.347998,-36.41348,150.351843,-36.43823,528.3,570.8,Station,,good,13,1,150.3523139,-36.38336695,day,
N45,N45.2,IN2023_V05_105,105,CTD,12/07/2023 2:35,12/07/2023 2:50,150.348617,-36.415194,,,492,,Station,,good,13,1,150.3523139,-36.38336695,day,
N45,N45.2,IN2023_V05_106,106,Multinet,12/07/2023 3:43,,150.344763,-36.411801,,,451,,Station,,good,13,1,150.3523139,-36.38336695,day,
N46,N46.1,IN2023_V05_098,98,Deep Towed Camera,11/07/2023 14:03,11/07/2023 14:15,150.312882,-36.343439,150.320626,-36.351383,144.9,205.3,Cluster,design,good,15,0,150.3173117,-36.34839953,night,
N46,N46.2,IN2023_V05_099,99,Deep Towed Camera,,11/07/2023 15:05,150.323565,-36.355057,150.330478,-36.362122,223.8,276.9,Cluster,design,good,15,0,150.3173117,-36.34839953,night,
N46,N46.3,IN2023_V05_100,100,Deep Towed Camera,,11/07/2023 15:51,150.333032,-36.365514,150.341396,-36.372342,292.8,354.3,Cluster,design,good,15,0,150.3173117,-36.34839953,night,
S1,S1.1,IN2023_V05_004,4,CTD,30/06/2023 7:54,,148.730188,-40.577648,,,61,,Station,,good,8,0,148.723,-40.7465,day,
S1,S1.1,IN2023_V05_219,219,Deep Towed Camera,25/07/2023 12:42,25/07/2023 12:49,148.703719,-40.706342,148.685746,-40.706685,64.96,67.78,Station,design,good,8,0,148.723,-40.7465,day,
S1,S1.2,IN2023_V05_220,220,Deep Towed Camera,25/07/2023 14:57,25/07/2023 15:04,148.690927,-40.736392,148.672676,-40.736321,65.12,67.15,Station,design,good,8,0,148.723,-40.7465,day,
S1,S1.3,IN2023_V05_221,221,Deep Towed Camera,25/07/2023 17:19,25/07/2023 17:28,148.702213,-40.792216,148.680485,-40.792905,87.17,76.22,Station,design,good,8,0,148.723,-40.7465,day,
S1,S1.3,IN2023_V05_222,222,CTD,25/07/2023 19:24,25/07/2023 19:30,148.674532,-40.792064,,,86,,Station,,good,8,0,148.723,-40.7465,day,
S2,S2.1,IN2023_V05_005,5,Deep Towed Camera,30/06/2023 9:15,30/06/2023 9:21,148.731894,-40.57625,148.725182,-40.581078,71.57,53.99,Station,design,good,1,0,148.7106,-40.6444,night,
S2,S2.2,IN2023_V05_006,6,Deep Towed Camera,30/06/2023 11:01,30/06/2023 11:36,148.725371,-40.608013,148.716458,-40.6121,72.32,58.42,Station,design,good,1,0,148.7106,-40.6444,night,
S2,S2.3,IN2023_V05_007,7,Deep Towed Camera,30/06/2023 13:21,30/06/2023 13:36,148.712893,-40.643677,148.702691,-40.647376,76.92,72.25,Station,design,good,1,0,148.7106,-40.6444,night,
S2,S2.1,IN2023_V05_008,8,Multinet,30/06/2023 16:11,,148.73749,-40.572015,,,60,,Station,,good,1,0,148.7106,-40.6444,night,
S2,S2.2,IN2023_V05_208,208,CTD,24/07/2023 12:26,,148.767098,-40.583736,,,73,,Station,,good,1,0,148.7106,-40.6444,night,
S2,S2.2,IN2023_V05_209,209,Multinet,24/07/2023 14:47,,148.787665,-40.601236,,,163,,Station,,good,1,0,148.7106,-40.6444,night,
S2,S2.3,IN2023_V05_210,210,Deep Towed Camera,24/07/2023 16:08,24/07/2023 16:22,148.763907,-40.600122,148.754393,-40.597813,72.93,57.63,Station,AMP,good,1,0,148.7106,-40.6444,night,"Opportunistic, not annotated at sea"
S2,S2.2,IN2023_V05_211,211,Deep Towed Camera,24/07/2023 17:34,24/07/2023 17:39,148.777245,-40.588044,148.764898,-40.587404,94.67,63.2,Station,AMP,good,1,0,148.7106,-40.6444,night,"Opportunistic, not annotated at sea"
S2,S2.1,IN2023_V05_212,212,Deep Towed Camera,24/07/2023 19:03,24/07/2023 19:06,148.797693,-40.543286,148.776294,-40.542841,99.62,59.8,Station,AMP,good,1,0,148.7106,-40.6444,night,"Opportunistic, not annotated at sea"
S2,S2.1,IN2023_V05_213,213,CTD,24/07/2023 20:25,24/07/2023 20:30,148.768973,-40.544037,,,68,,Station,,good,1,0,148.7106,-40.6444,night,
S2,S2.1,IN2023_V05_214,214,McKenna Trawl,24/07/2023 21:01,24/07/2023 21:21,148.734445,-40.579595,148.716861,-40.582645,66.28,57.94,Station,,good,1,0,148.7106,-40.6444,night,
S2,S2.2,IN2023_V05_215,215,McKenna Trawl,24/07/2023 23:01,24/07/2023 23:21,148.732722,-40.593473,148.71462,-40.594172,65.07,41.28,Station,,good,1,0,148.7106,-40.6444,night,
S2,S2.3,IN2023_V05_216,216,CTD,25/07/2023 2:22,25/07/2023 2:33,148.787176,-40.59459,,,124,,Station,,good,1,0,148.7106,-40.6444,night,
S2,S2.3,IN2023_V05_217,217,Multinet,25/07/2023 3:01,,148.786555,-40.596262,,,132,,Station,,good,1,0,148.7106,-40.6444,night,
S2,S2.3,IN2023_V05_218,218,McKenna Trawl,25/07/2023 4:37,25/07/2023 5:03,148.825067,-40.505644,148.796756,-40.506166,153,86.56,Station,,good,1,0,148.7106,-40.6444,night,
S3,S3.3,IN2023_V05_201,201,CTD,23/07/2023 20:00,,148.503316,-41.11134,,,110,,Station,,good,4,0,148.4348,-41.0521,day,
S3,S3.3,IN2023_V05_202,202,McKenna Trawl,23/07/2023 21:19,23/07/2023 21:45,148.473097,-41.110295,148.438833,-41.10614,110.3,92.76,Station,,good,4,0,148.4348,-41.0521,day,
S3,S3.2,IN2023_V05_203,203,McKenna Trawl,23/07/2023 23:45,24/07/2023 0:04,148.474113,-41.060924,148.44119,-41.058068,98.92,83.91,Station,,good,4,0,148.4348,-41.0521,day,
S3,S3.1,IN2023_V05_204,204,CTD,24/07/2023 2:24,24/07/2023 2:30,148.537343,-41.054675,,,110,,Station,,good,4,0,148.4348,-41.0521,day,
S3,S3.1,IN2023_V05_205,205,Multinet,24/07/2023 3:01,,148.535512,-41.052761,,,110,,Station,,good,4,0,148.4348,-41.0521,day,
S3,S3.1,IN2023_V05_206,206,McKenna Trawl,24/07/2023 4:00,24/07/2023 4:21,148.506523,-41.051926,148.46809,-41.047195,111.3,72.02,Station,,good,4,0,148.4348,-41.0521,day,
S4,S4.1,IN2023_V05_207,207,Deep Towed Camera,24/07/2023 8:22,24/07/2023 8:30,148.631564,-41.076153,148.614048,-41.068596,120.6,76.45,Cluster,design,off mark,11,0,148.3674,-41.1117,night,
S5,S5.3,IN2023_V05_223,223,CTD,26/07/2023 4:31,,148.58227,-41.801062,,,179,,Station,,good,3,0,148.5295,-41.7989,day,
S5,S5.3,IN2023_V05_224,224,Deep Towed Camera,26/07/2023 7:35,26/07/2023 7:40,148.576271,-41.823026,148.589294,-41.815243,109.9,205.6,Station,design,good,3,0,148.5295,-41.7989,day,
S5,S5.2,IN2023_V05_225,225,Deep Towed Camera,26/07/2023 9:12,26/07/2023 9:17,148.48906,-41.826845,148.498475,-41.819856,73.96,84.4,Station,design,good,3,0,148.5295,-41.7989,day,
S5,S5.2,IN2023_V05_226,226,Deep Towed Camera,,26/07/2023 9:57,148.505916,-41.814375,148.51454,-41.807525,86.48,101.3,Station,design,good,3,0,148.5295,-41.7989,day,
S5,S5.1,IN2023_V05_227,227,CTD,26/07/2023 12:21,,148.449017,-41.784727,,,80,,Station,,good,3,0,148.5295,-41.7989,day,
S5,S5.1,IN2023_V05_228,228,Deep Towed Camera,26/07/2023 13:07,26/07/2023 13:13,148.483528,-41.783723,148.502002,-41.781357,76.02,94.69,Station,design,good,3,0,148.5295,-41.7989,day,
S5,S5.1,IN2023_V05_229,229,Multinet,26/07/2023 14:38,,148.511515,-41.786965,,,103,,Station,,good,3,0,148.5295,-41.7989,day,
S5,S5.4,IN2023_V05_230,230,Deep Towed Camera,26/07/2023 17:53,26/07/2023 18:00,148.49482,-41.886821,148.480974,-41.887046,85.5,82.55,Cluster,design,off mark,3,0,148.5295,-41.7989,day,
S5,S5.4new,IN2023_V05_230,230,Multinet,26/07/2023 13:17,,148.486357,-41.783409,,,84,,Cluster,design,off mark,3,0,148.5295,-41.7989,day,
S5,S5.2,IN2023_V05_231,231,CTD,26/07/2023 19:34,26/07/2023 19:40,148.47394,-41.821689,,,79,,Station,,good,3,0,148.5295,-41.7989,day,
S5,S5.2,IN2023_V05_232,232,McKenna Trawl,26/07/2023 20:48,26/07/2023 21:14,148.511281,-41.807222,148.541987,-41.794548,108.8,115.9,Station,,good,3,0,148.5295,-41.7989,day,
S5,S5.1,IN2023_V05_233,233,McKenna Trawl,26/07/2023 23:41,27/07/2023 0:03,148.456731,-41.788402,148.479066,-41.785612,84.51,68.86,Station,,good,3,0,148.5295,-41.7989,day,
S5,S5.3,IN2023_V05_234,234,CTD,27/07/2023 2:05,27/07/2023 2:17,148.5934,-41.772184,,,450,,Station,,good,3,0,148.5295,-41.7989,day,
S5,S5.3,IN2023_V05_235,235,Multinet,27/07/2023 3:08,,148.595534,-41.758559,,,511,,Station,,good,3,0,148.5295,-41.7989,day,
S5,S5.3,IN2023_V05_236,236,McKenna Trawl,27/07/2023 5:30,27/07/2023 5:55,148.570453,-41.788791,148.567669,-41.764616,146.1,123.1,Station,,good,3,0,148.5295,-41.7989,day,
S6,S6.2,IN2023_V05_237,237,Deep Towed Camera,27/07/2023 11:03,27/07/2023 11:07,148.519209,-42.138569,148.52736,-42.126404,106.1,112.1,Station,design,good,14,0,148.4777,-42.1767,night,
S6,S6.2,IN2023_V05_238,238,CTD,27/07/2023 12:02,,148.53058,-42.121367,,,116,,Station,,good,14,0,148.4777,-42.1767,night,
S6,S6.1,IN2023_V05_239,239,Deep Towed Camera,27/07/2023 14:04,27/07/2023 14:12,148.499198,-42.089642,148.506697,-42.078026,90.35,102.3,Station,design,good,14,0,148.4777,-42.1767,night,
S6,S6.3,IN2023_V05_240,240,Deep Towed Camera,27/07/2023 15:57,27/07/2023 16:00,148.564824,-42.079539,148.564316,-42.067304,117.3,70.87,Station,BACI-b,good,14,0,148.4777,-42.1767,night,"Opportunistic, not annotated at sea"
S6,S6.5,IN2023_V05_241,241,Multinet,27/07/2023 18:15,,148.585993,-42.167453,,,482,,oppotunistic,,,,,,,,
S6,S6.5,IN2023_V05_242,242,CTD,27/07/2023 19:29,27/07/2023 19:41,148.58485,-42.156039,,,392,,oppotunistic,,,,,,,,
S6,S6.3,IN2023_V05_243,243,McKenna Trawl,27/07/2023 20:51,27/07/2023 21:15,148.565009,-42.087384,148.564674,-42.062154,128.7,128.2,Station,,good,14,0,148.4777,-42.1767,night,
S6,S6.1,IN2023_V05_244,244,McKenna Trawl,27/07/2023 23:41,28/07/2023 0:05,148.526193,-42.11222,148.527836,-42.086989,122,101.7,Station,,good,14,0,148.4777,-42.1767,night,
S6,S6.5,IN2023_V05_245,245,CTD,28/07/2023 2:34,28/07/2023 2:49,148.616996,-42.106732,,,432,,oppotunistic,,,,,,,,
S6,S6.5,IN2023_V05_246,246,Multinet,28/07/2023 3:22,,148.612017,-42.10857,,,380,,oppotunistic,,,,,,,,
S6,S6.5,IN2023_V05_247,247,McKenna Trawl,28/07/2023 5:10,28/07/2023 5:56,148.615655,-42.094049,148.620921,-42.069075,399.2,396.2,oppotunistic,,,,,,,,
S6,S6.1,IN2023_V05_248,248,Deep Towed Camera,28/07/2023 8:26,28/07/2023 8:39,148.56252,-42.080954,148.564789,-42.063214,112.9,116.4,Station,BACI-a,good,14,0,148.4777,-42.1767,night,"Opportunistic, not annotated at sea"
S6,S6.7,IN2023_V05_252,252,CTD,28/07/2023 15:46,28/07/2023 15:59,148.464611,-41.841864,,,82,,oppotunistic,,,,,,,,
TRAWL,TRAWL,IN2023_V05_255,255,Deep Towed Camera,28/07/2023 21:03,28/07/2023 21:07,148.508495,-41.810389,148.517,-41.803986,97.65,87.89,oppotunistic,BACI-a,,,,,,,"Opportunistic, not annotated at sea"
CATH'S,CATH'S,IN2023_V05_251,251,Multinet,28/07/2023 14:52,,148.443298,-41.848426,,,75,,oppotunistic,,,,,,,,
CATH'S,CATH'S,IN2023_V05_253,253,Deep Towed Camera,28/07/2023 18:21,28/07/2023 18:29,148.469174,-41.847752,148.466803,-41.838245,82.06,52.32,oppotunistic,AMP_reef,,,,,,,"Opportunistic, not annotated at sea"
CATH'S,CATH'S,IN2023_V05_254,254,Deep Towed Camera,28/07/2023 19:31,28/07/2023 19:46,148.468014,-41.843857,148.473542,-41.835619,77.28,77.7,oppotunistic,AMP_reef,,,,,,,"Opportunistic, not annotated at sea"
JOE'S,JOE'S,IN2023_V05_249,249,Deep Towed Camera,28/07/2023 11:18,28/07/2023 11:36,148.451886,-41.900991,148.446553,-41.899625,61.04,76.58,oppotunistic,AMP_reef,,,,,,,"Opportunistic, not annotated at sea"
JOE'S,JOE'S,IN2023_V05_250,250,Deep Towed Camera,28/07/2023 12:36,28/07/2023 12:52,148.451884,-41.899981,148.447594,-41.899037,61.73,77.37,oppotunistic,AMP_reef,,,,,,,"Opportunistic, not annotated at sea"
