"","Gear","SURVEY","OPS","SURVEY_OPS","SITE_ID","GEAR","DEPLOYED_TIME","ON_BOTTOM_TIME","ON_BOTTOM_LATITUDE","ON_BOTTOM_LONGITUDE","ON_BOTTOM_DEPTH_M","ON_BOTTOM_SALINITY_TSG","ON_BOTTOM_SEAWATER_TEMPERATURE_DEG_C","ON_BOTTOM_USBL_BEACON_DEPTH_M","ON_BOTTOM_USBL_BEACON_LATITUDE","ON_BOTTOM_USBL_BEACON_LONGITUDE","OFF_BOTTOM_TIME","OFF_BOTTOM_LATITUDE","OFF_BOTTOM_LONGITUDE","OFF_BOTTOM_DEPTH_M","OFF_BOTTOM_SALINITY_TSG","OFF_BOTTOM_SEAWATER_TEMPERATURE_DEG_C","OFF_BOTTOM_USBL_BEACON_DEPTH_M","OFF_BOTTOM_USBL_BEACON_LATITUDE","OFF_BOTTOM_USBL_BEACON_LONGITUDE","RETRIEVED_TIME","BOTTOM_DURATION_MINS","SURVEY.1","BARCODE","split_no","SPCODE","SCIENTIFIC_NAME","SCIENTIFIC_NAME_shore","OTU_NAME","TOTAL_COUNT","TOTAL_WT_G","RETAINED_WT_G"
"1","Trawl","IN2024_V03",265,"IN2024_V03_265","N41.3","McKenna semi V-wing fish trawl","29/05/2024 23:32","29/05/2024 23:53",-35.959592,150.253688,88,35.137,18.842,"-87.18","-35.962571","150.254482","30/05/2024 0:23",-35.93347,150.252773,79,35.206,19.33,"-70.16","-35.935812","150.253359","30/05/2024 0:50",30,"IN2024_V03",NA,NA,NA,NA,NA,NA,NA,NA,NA
"2","Trawl","IN2024_V03",263,"IN2024_V03_263","N41.1","McKenna semi V-wing fish trawl","29/05/2024 20:28","29/05/2024 20:50",-36.055968,150.22431,93,35.246,18.958,"-92.45","-36.059022","150.224407","29/05/2024 21:22",-36.029253,150.229035,93,35.338,19.319,"-73.89","-36.031633","150.229077","29/05/2024 21:59",32,"IN2024_V03",NA,NA,NA,NA,NA,NA,NA,NA,NA
"3","Trawl","IN2024_V03",258,"IN2024_V03_258","N41.2","McKenna semi V-wing fish trawl","29/05/2024 6:23","29/05/2024 6:48",-35.976689,150.300173,113,35.484,20.094,"-111.9","-35.980148","150.299991","29/05/2024 7:16",-35.952636,150.304605,113,35.482,20.103,"-108.2","-35.956022","150.304665","29/05/2024 7:28",29,"IN2024_V03",NA,NA,NA,NA,NA,NA,NA,NA,NA
"4","Trawl","IN2024_V03",256,"IN2024_V03_256","N39.2","McKenna semi V-wing fish trawl","29/05/2024 0:00","29/05/2024 0:23",-36.26105,150.331853,141,35.457,19.173,"-142.2","-36.26531","150.331339","29/05/2024 0:55",-36.23499,150.340444,139,35.448,19.199,"-125.6","-36.238096","150.340171","29/05/2024 1:19",32,"IN2024_V03",NA,NA,NA,NA,NA,NA,NA,NA,NA
"5","Trawl","IN2024_V03",254,"IN2024_V03_254","N39.3","McKenna semi V-wing fish trawl","28/05/2024 20:32","28/05/2024 21:06",-36.300754,150.350268,376,35.486,19.3,"-400","-36.309535","150.347247","28/05/2024 21:38",-36.276153,150.359545,355,35.511,19.568,"-397.8","-36.283871","150.357167","28/05/2024 22:16",31,"IN2024_V03",NA,NA,NA,NA,NA,NA,NA,NA,NA
"6","Trawl","IN2024_V03",248,"IN2024_V03_248","N39.1","McKenna semi V-wing fish trawl","28/05/2024 3:22","28/05/2024 3:53",-36.372085,150.336104,331,35.53,19.965,"-328.5","-36.380186","150.333916","28/05/2024 4:22",-36.347944,150.345428,383,35.528,19.981,"-360","-36.356307","150.343161","28/05/2024 5:01",29,"IN2024_V03",10075564,NA,35103022,"Thetys vagina","Thetys vagina","(null)",2,20,0
"7","Trawl","IN2024_V03",246,"IN2024_V03_246","N37.1","McKenna semi V-wing fish trawl","27/05/2024 23:56","28/05/2024 0:28",-36.374631,150.317838,195,35.438,19.075,"-189.1","-36.369109","150.318266","28/05/2024 0:54",-36.396261,150.313207,201,35.493,19.498,"-198.3","-36.390742","150.313484","28/05/2024 1:26",26,"IN2024_V03",NA,NA,NA,NA,NA,NA,NA,NA,NA
"8","Trawl","IN2024_V03",244,"IN2024_V03_244","N37.2","McKenna semi V-wing fish trawl","27/05/2024 20:25","27/05/2024 20:58",-36.399977,150.257073,128,35.416,19.096,"-128.1","-36.396284","150.258536","27/05/2024 21:24",-36.419311,150.244152,125,35.443,19.188,"-85.98","-36.41637","150.245049","27/05/2024 21:47",25,"IN2024_V03",NA,NA,NA,NA,NA,NA,NA,NA,NA
"9","Trawl","IN2024_V03",238,"IN2024_V03_238","N37.3","McKenna semi V-wing fish trawl","27/05/2024 5:40","27/05/2024 6:10",-36.518814,150.284441,146,35.399,19.071,"-145.2","-36.52339","150.282853","27/05/2024 6:38",-36.495603,150.29659,182,35.379,19.054,"-175","-36.500018","150.294979","27/05/2024 6:55",28,"IN2024_V03",NA,NA,NA,NA,NA,NA,NA,NA,NA
"10","Trawl","IN2024_V03",237,"IN2024_V03_237","N35.2","McKenna semi V-wing fish trawl","27/05/2024 3:32","27/05/2024 3:52",-36.559713,150.153564,99,35.409,19.384,"-98.87","-36.555778","150.153926","27/05/2024 4:18",-36.582125,150.144867,97,35.499,19.506,"-96.19","-36.578229","150.145113","27/05/2024 4:36",26,"IN2024_V03",10075462,NA,35103022,"Thetys vagina","Thetys vagina","(null)",1,75,0
"11","Trawl","IN2024_V03",235,"IN2024_V03_235","N35.1","McKenna semi V-wing fish trawl","27/05/2024 0:26","27/05/2024 0:42",-36.596269,150.083604,64,35.335,19.068,"-62.87","-36.593615","150.084005","27/05/2024 1:08",-36.621705,150.073853,63,35.341,19.091,"-43.76","-36.619168","150.074102","27/05/2024 1:30",27,"IN2024_V03",NA,NA,NA,NA,NA,NA,NA,NA,NA
"12","Trawl","IN2024_V03",233,"IN2024_V03_233","N35.3","McKenna semi V-wing fish trawl","26/05/2024 20:31","26/05/2024 20:54",-36.51219,150.135878,78,35.442,19.252,"-77.58","-36.509593","150.136177","26/05/2024 21:26",-36.538758,150.1256,78,35.457,19.288,"-58.86","-36.536646","150.125827","26/05/2024 21:47",32,"IN2024_V03",NA,NA,NA,NA,NA,NA,NA,NA,NA
"13","Trawl","IN2024_V03",227,"IN2024_V03_227","N33.2","McKenna semi V-wing fish trawl","26/05/2024 4:04","26/05/2024 4:24",-36.863382,150.123505,93,35.24,17.892,"-93.44","-36.860351","150.123467","26/05/2024 4:52",-36.888784,150.118317,90,35.271,18.475,"-90.23","-36.885707","150.118181","26/05/2024 5:09",28,"IN2024_V03",NA,NA,NA,NA,NA,NA,NA,NA,NA
"14","Trawl","IN2024_V03",225,"IN2024_V03_225","N33.3","McKenna semi V-wing fish trawl","25/05/2024 23:54","26/05/2024 0:18",-36.898868,150.16074,107,35.529,20.214,"-107.3","-36.895624","150.161149","26/05/2024 0:47",-36.924737,150.151672,103,35.531,20.331,"-77.02","-36.922066","150.151855","26/05/2024 1:14",29,"IN2024_V03",NA,NA,NA,NA,NA,NA,NA,NA,NA
"15","Trawl","IN2024_V03",223,"IN2024_V03_223","N31.3","McKenna semi V-wing fish trawl","25/05/2024 20:30","25/05/2024 20:54",-36.864669,150.29731,144,35.512,20.359,"-144.2","-36.860557","150.295874","25/05/2024 21:24",-36.890462,150.299386,152,35.504,20.322,"-125.2","-36.886839","150.298054","25/05/2024 21:51",30,"IN2024_V03",NA,NA,NA,NA,NA,NA,NA,NA,NA
"16","Trawl","IN2024_V03",216,"IN2024_V03_216","N31.1","McKenna semi V-wing fish trawl","25/05/2024 4:13","25/05/2024 4:39",-36.946757,150.232707,126,35.523,20.754,"-124.7","-36.942913","150.232886","25/05/2024 5:07",-36.970701,150.228479,125,35.523,20.89,"-124.4","-36.96686","150.228543","25/05/2024 5:29",27,"IN2024_V03",NA,NA,NA,NA,NA,NA,NA,NA,NA
"17","Trawl","IN2024_V03",214,"IN2024_V03_214","N33.1","McKenna semi V-wing fish trawl","25/05/2024 0:04","25/05/2024 0:24",-36.923849,150.105041,87,35.523,20.791,"-84.81","-36.92105","150.105046","25/05/2024 0:54",-36.948613,150.097038,86,35.525,20.83,"-64.56","-36.946304","150.09704","25/05/2024 1:16",30,"IN2024_V03",10075328,NA,35103022,"Thetys vagina","Thetys vagina","(null)",1,10,0
"18","Trawl","IN2024_V03",212,"IN2024_V03_212","N31.2","McKenna semi V-wing fish trawl","24/05/2024 20:42","24/05/2024 21:03",-36.959258,150.055798,77,35.532,20.177,"-75.6","-36.95673","150.056586","24/05/2024 21:33",-36.984328,150.042302,74,35.528,20.087,"-59.33","-36.982492","150.042887","24/05/2024 21:58",30,"IN2024_V03",NA,NA,NA,NA,NA,NA,NA,NA,NA
"19","Trawl","IN2024_V03",206,"IN2024_V03_206","N29.3","McKenna semi V-wing fish trawl","24/05/2024 2:39","24/05/2024 3:11",-37.171459,150.352122,260,35.514,21.295,"-270.1","-37.163332","150.351226","24/05/2024 3:39",-37.197507,150.349783,243,35.518,21.301,"-189.2","-37.191305","150.348446","24/05/2024 4:17",28,"IN2024_V03",NA,NA,NA,NA,NA,NA,NA,NA,NA
"20","Trawl","IN2024_V03",204,"IN2024_V03_204","N25.1","McKenna semi V-wing fish trawl","23/05/2024 20:35","23/05/2024 21:09",-37.451741,150.290072,284,35.513,21.242,"-296.2","-37.44461","150.294598","23/05/2024 21:38",-37.474288,150.272164,267,35.517,21.165,"-250.3","-37.467695","150.276424","23/05/2024 22:23",29,"IN2024_V03",NA,NA,NA,NA,NA,NA,NA,NA,NA
"21","Trawl","IN2024_V03",197,"IN2024_V03_197","N23.2","McKenna semi V-wing fish trawl","23/05/2024 5:22","23/05/2024 5:45",-37.506722,150.180874,138,35.397,19.088,"-137.1","-37.503616","150.183697","23/05/2024 6:12",-37.524074,150.158843,138,35.521,20.687,"-137.5","-37.520859","150.16142","23/05/2024 6:25",28,"IN2024_V03",NA,NA,NA,NA,NA,NA,NA,NA,NA
"22","Trawl","IN2024_V03",195,"IN2024_V03_195","N23.1","McKenna semi V-wing fish trawl","23/05/2024 0:28","23/05/2024 0:52",-37.553841,150.190287,154,35.523,20.859,"-153.8","-37.55057","150.193641","23/05/2024 1:19",-37.573022,150.167537,143,35.518,20.502,"-98.1","-37.570256","150.170304","23/05/2024 2:12",27,"IN2024_V03",10075240,NA,35103022,"Thetys vagina","Thetys vagina","(null)",5,230,0
"23","Trawl","IN2024_V03",193,"IN2024_V03_193","N23.3","McKenna semi V-wing fish trawl","22/05/2024 20:33","22/05/2024 20:58",-37.596889,150.201165,158,35.481,19.261,"-159.1","-37.593918","150.204906","22/05/2024 21:23",-37.61226,150.177169,151,35.467,19.044,"-130.2","-37.609617","150.180665","22/05/2024 22:01",25,"IN2024_V03",10075222,NA,35100000,"Class Thaliacea","Thetys vagina","(null)",1,55,0
"24","Trawl","IN2024_V03",186,"IN2024_V03_186","N21.1","McKenna semi V-wing fish trawl","22/05/2024 3:17","22/05/2024 3:45",-37.737336,150.063836,138,35.625,19.189,"-138.3","-37.733376","150.066029","22/05/2024 4:13",-37.757784,150.048174,138,35.633,19.254,"-136.6","-37.754055","150.050838","22/05/2024 4:28",28,"IN2024_V03",NA,NA,NA,NA,NA,NA,NA,NA,NA
"25","Trawl","IN2024_V03",184,"IN2024_V03_184","N21.2","McKenna semi V-wing fish trawl","21/05/2024 23:33","21/05/2024 23:56",-37.745159,150.105539,144,35.54,18.64,"-144.5","-37.741031","150.106897","22/05/2024 0:27",-37.769809,150.093409,148,35.603,18.987,"-123","-37.766289","150.094528","22/05/2024 0:59",31,"IN2024_V03",10075196,NA,35103022,"Thetys vagina","Thetys vagina","(null)",1,5,0
"26","Trawl","IN2024_V03",182,"IN2024_V03_182","N21.3","McKenna semi V-wing fish trawl","21/05/2024 20:30","21/05/2024 20:52",-37.71598,150.121388,144,35.516,18.223,"-160.6","-37.711925","150.122968","21/05/2024 21:24",-37.741997,150.108594,144,35.547,18.682,"-165.9","-37.738955","150.109617","21/05/2024 21:50",32,"IN2024_V03",NA,NA,NA,NA,NA,NA,NA,NA,NA
"27","Trawl","IN2024_V03",175,"IN2024_V03_175","N19.1","McKenna semi V-wing fish trawl","21/05/2024 5:21","21/05/2024 5:51",-37.928375,150.039467,232,35.607,19.275,"-212.6","-37.922191","150.037303","21/05/2024 6:21",-37.954059,150.043387,243,35.603,19.301,"-222.4","-37.948034","150.041241","21/05/2024 6:39",30,"IN2024_V03",NA,NA,NA,NA,NA,NA,NA,NA,NA
"28","Trawl","IN2024_V03",173,"IN2024_V03_173","N19.3","McKenna semi V-wing fish trawl","20/05/2024 23:47","21/05/2024 0:10",-37.91373,149.980998,147,35.615,19.25,"-145.2","-37.910117","149.98392","21/05/2024 0:40",-37.935054,149.959229,145,35.576,19.159,"-100.3","-37.931731","149.961665","21/05/2024 1:21",30,"IN2024_V03",NA,NA,NA,NA,NA,NA,NA,NA,NA
"29","Trawl","IN2024_V03",171,"IN2024_V03_171","N19.2","McKenna semi V-wing fish trawl","20/05/2024 20:32","20/05/2024 20:54",-37.893966,149.984402,146,35.615,19.3,"-142.7","-37.890447","149.987369","20/05/2024 21:25",-37.914983,149.962966,147,35.606,19.193,"-117.5","-37.912032","149.96537","20/05/2024 21:53",31,"IN2024_V03",10075140,NA,35100000,"Class Thaliacea","Thetys vagina","(null)",2,90,0
"30","Trawl","IN2024_V03",166,"IN2024_V03_166","N17.1","McKenna semi V-wing fish trawl","20/05/2024 6:40","20/05/2024 7:03",-38.106964,149.538904,151,35.63,18.788,"-147","-38.102355","149.540298","20/05/2024 7:33",-38.131205,149.527874,165,35.632,18.868,"-154.9","-38.126725","149.529131","20/05/2024 8:50",30,"IN2024_V03",10075122,NA,35103022,"Thetys vagina","Thetys vagina","(null)",100,12460,0
"31","Trawl","IN2024_V03",164,"IN2024_V03_164","N17.2","McKenna semi V-wing fish trawl","20/05/2024 0:34","20/05/2024 1:09",-38.17021,149.645933,250,35.614,18.954,"-237.5","-38.165202","149.652505","20/05/2024 1:39",-38.185792,149.622238,315,35.626,18.954,"-265","-38.181001","149.628162","20/05/2024 2:18",29,"IN2024_V03",10075120,NA,35103022,"Thetys vagina","Thetys vagina","(null)",50,2500,0
"32","Trawl","IN2024_V03",162,"IN2024_V03_162","N17.3","McKenna semi V-wing fish trawl","19/05/2024 20:30","19/05/2024 20:55",-38.097109,149.689848,153,35.525,18.846,"-151.4","-38.093468","149.693281","19/05/2024 21:26",-38.115886,149.666799,160,35.615,18.85,"-151.8","-38.112589","149.670381","19/05/2024 22:02",31,"IN2024_V03",10075079,1,80600903,"Jellies","Thetys vagina","(null)",18,270,0
"33","Trawl","IN2024_V03",160,"IN2024_V03_160","N25.3","McKenna semi V-wing fish trawl","19/05/2024 6:13","19/05/2024 6:44",-37.45108,150.257271,156,35.628,19.759,"-155.5","-37.447453","150.261019","19/05/2024 7:05",-37.464404,150.241478,150,35.63,19.682,"-154","-37.460741","150.245213","19/05/2024 7:24",22,"IN2024_V03",10075035,NA,35103022,"Thetys vagina","Thetys vagina","(null)",3,5,0
"34","Trawl","IN2024_V03",157,"IN2024_V03_157","N25.2","McKenna semi V-wing fish trawl","19/05/2024 0:31","19/05/2024 0:57",-37.397456,150.293917,169,35.629,19.65,"-174.1","-37.393839","150.297584","19/05/2024 1:31",-37.420884,150.266579,150,35.626,19.777,"-114.4","-37.418213","150.269182","19/05/2024 2:13",35,"IN2024_V03",10075064,NA,35103022,"Thetys vagina","Thetys vagina","(null)",4,15,0
"35","Trawl","IN2024_V03",153,"IN2024_V03_153","N27.2","McKenna semi V-wing fish trawl","17/05/2024 3:21","17/05/2024 3:43",-37.330025,150.114849,99,35.42,19.939,"-99.28","-37.326541","150.114655","17/05/2024 4:12",-37.354262,150.109563,100,35.431,19.898,"-93.25","-37.351132","150.109503","17/05/2024 4:32",28,"IN2024_V03",10075050,NA,35103022,"Thetys vagina","Thetys vagina","(null)",1,100,100
"36","Trawl","IN2024_V03",151,"IN2024_V03_151","N27.1","McKenna semi V-wing fish trawl","16/05/2024 23:29","16/05/2024 23:53",-37.317298,150.190034,114,35.398,19.928,"-115.8","-37.313615","150.19154","17/05/2024 0:25",-37.341747,150.173509,109,35.42,19.91,"-94.26","-37.338918","150.174508","17/05/2024 0:50",32,"IN2024_V03",NA,NA,NA,NA,NA,NA,NA,NA,NA
"37","Trawl","IN2024_V03",149,"IN2024_V03_149","N27.3","McKenna semi V-wing fish trawl","16/05/2024 20:29","16/05/2024 20:50",-37.295261,150.289875,131,35.299,19.67,"-181.6","-37.291586","150.290646","16/05/2024 21:20",-37.320351,150.280655,132,35.275,19.686,"-107.9","-37.316873","150.280716","16/05/2024 21:51",30,"IN2024_V03",NA,NA,NA,NA,NA,NA,NA,NA,NA
"38","Trawl","IN2024_V03",141,"IN2024_V03_141","N29.2","McKenna semi V-wing fish trawl","16/05/2024 3:09","16/05/2024 3:32",-37.141849,150.296251,122,35.151,19.732,"-197.2","-37.140417","150.291077","16/05/2024 4:00",-37.152125,150.325041,124,35.17,19.725,"-161.6","-37.150735","150.321278","16/05/2024 4:23",28,"IN2024_V03",NA,NA,NA,NA,NA,NA,NA,NA,NA
"39","Trawl","IN2024_V03",139,"IN2024_V03_139","N29.1","McKenna semi V-wing fish trawl","16/05/2024 0:35","16/05/2024 0:54",-37.122602,150.237253,111,35.094,19.618,"-144","-37.121335","150.233585","16/05/2024 1:14",-37.132778,150.258665,114,35.121,19.7,"-109.6","-37.131743","150.255297","16/05/2024 1:39",21,"IN2024_V03",NA,NA,NA,NA,NA,NA,NA,NA,NA
"40","Trawl","IN2024_V03",135,"IN2024_V03_135","N15.1","McKenna semi V-wing fish trawl","15/05/2024 6:06","15/05/2024 6:45",-38.21952,149.319598,307,35.636,19.56,"-314.6","-38.213745","149.326578","15/05/2024 6:53",-38.224906,149.312282,305,35.633,19.549,"-311.2","-38.219244","149.319434","15/05/2024 7:20",8,"IN2024_V03",10074060,NA,35103022,"Thetys vagina","Thetys vagina","(null)",20,60,0
"41","Trawl","IN2024_V03",133,"IN2024_V03_133","N15.2","McKenna semi V-wing fish trawl","15/05/2024 0:55","15/05/2024 1:31",-38.205612,149.302857,277,35.562,20.37,"-284.3","-38.199809","149.307747","15/05/2024 2:00",-38.223312,149.282262,296,35.558,20.308,"-268.4","-38.218237","149.286787","15/05/2024 2:41",29,"IN2024_V03",NA,NA,NA,NA,NA,NA,NA,NA,NA
"42","Trawl","IN2024_V03",131,"IN2024_V03_131","N15.3","McKenna semi V-wing fish trawl","14/05/2024 21:36","14/05/2024 22:04",-38.11252,149.317567,156,35.535,20.117,"-151.5","-38.109721","149.321603","14/05/2024 22:25",-38.122512,149.298142,155,35.255,20.122,"-128.4","-38.119982","149.301592","14/05/2024 22:51",21,"IN2024_V03",NA,NA,NA,NA,NA,NA,NA,NA,NA
"43","Trawl","IN2024_V03",125,"IN2024_V03_125","N13.2","McKenna semi V-wing fish trawl","14/05/2024 3:46","14/05/2024 4:13",-37.894775,149.311261,117,35.536,18.648,"-105.4","-37.893191","149.315162","14/05/2024 4:40",-37.902999,149.283751,116,35.526,18.97,"-110.9","-37.901525","149.287688","14/05/2024 4:50",27,"IN2024_V03",NA,NA,NA,NA,NA,NA,NA,NA,NA
"44","Trawl","IN2024_V03",123,"IN2024_V03_123","N13.3","McKenna semi V-wing fish trawl","13/05/2024 23:50","14/05/2024 0:17",-37.884611,149.35852,117,35.54,18.433,"-101.6","-37.88308","149.36246","14/05/2024 0:45",-37.892573,149.330165,116,35.547,18.215,"-70.19","-37.891298","149.333148","14/05/2024 1:13",29,"IN2024_V03",NA,NA,NA,NA,NA,NA,NA,NA,NA
"45","Trawl","IN2024_V03",121,"IN2024_V03_121","N13.1","McKenna semi V-wing fish trawl","13/05/2024 20:28","13/05/2024 20:55",-37.864885,149.400338,118,35.516,19.287,"(null)","(null)","(null)","13/05/2024 21:25",-37.873764,149.371703,118,35.512,19.153,"(null)","(null)","(null)","13/05/2024 21:55",30,"IN2024_V03",NA,NA,NA,NA,NA,NA,NA,NA,NA
"46","Trawl","IN2024_V03",115,"IN2024_V03_115","N11.1","McKenna semi V-wing fish trawl","13/05/2024 4:34","13/05/2024 4:50",-37.938433,148.746109,53,35.514,19.099,"-49.86","-37.938155","148.748277","13/05/2024 5:16",-37.938875,148.717501,52,35.568,18.486,"-51.39","-37.938826","148.720071","13/05/2024 5:22",26,"IN2024_V03",NA,NA,NA,NA,NA,NA,NA,NA,NA
"47","Trawl","IN2024_V03",113,"IN2024_V03_113","N11.2","McKenna semi V-wing fish trawl","13/05/2024 0:07","13/05/2024 0:26",-37.983539,148.862115,82,35.501,19.405,"-82.22","-37.983637","148.865231","13/05/2024 0:56",-37.977904,148.830833,73,35.498,19.29,"-55.08","-37.977919","148.833525","13/05/2024 1:28",30,"IN2024_V03",NA,NA,NA,NA,NA,NA,NA,NA,NA
"48","Trawl","IN2024_V03",111,"IN2024_V03_111","N11.3","McKenna semi V-wing fish trawl","12/05/2024 20:44","12/05/2024 21:03",-38.012234,148.940653,112,35.555,18.35,"-110.2","-38.015085","148.941651","12/05/2024 21:29",-37.990109,148.936477,100,35.517,18.905,"-79.04","-37.992483","148.937507","12/05/2024 21:55",26,"IN2024_V03",NA,NA,NA,NA,NA,NA,NA,NA,NA
"49","Trawl","IN2024_V03",105,"IN2024_V03_105","N9.2","McKenna semi V-wing fish trawl","12/05/2024 6:00","12/05/2024 6:36",-38.292407,149.027884,420,35.521,20.29,"-414.2","-38.294133","149.01551","12/05/2024 6:54",-38.291773,149.047993,420,35.513,20.38,"-434.8","-38.292408","149.034861","12/05/2024 7:28",18,"IN2024_V03",NA,NA,NA,NA,NA,NA,NA,NA,NA
"50","Trawl","IN2024_V03",103,"IN2024_V03_103","N9.3","McKenna semi V-wing fish trawl","11/05/2024 23:09","11/05/2024 23:33",-38.212918,148.997179,155,35.537,19.86,"-155","-38.213891","148.99198","11/05/2024 23:59",-38.212408,149.024356,155,35.504,20.062,"-132.9","-38.213216","149.019765","12/05/2024 0:26",26,"IN2024_V03",NA,NA,NA,NA,NA,NA,NA,NA,NA
"51","Trawl","IN2024_V03",101,"IN2024_V03_101","N9.1","McKenna semi V-wing fish trawl","11/05/2024 20:31","11/05/2024 20:53",-38.211757,148.893074,138,35.567,19.464,"-133.9","-38.212066","148.888256","11/05/2024 21:21",-38.211177,148.923178,145,35.587,19.382,"-128.2","-38.211698","148.919459","11/05/2024 21:46",28,"IN2024_V03",NA,NA,NA,NA,NA,NA,NA,NA,NA
"52","Trawl","IN2024_V03",96,"IN2024_V03_096","N7.2","McKenna semi V-wing fish trawl","11/05/2024 5:40","11/05/2024 6:10",-38.877504,148.29556,93,35.61,17.405,"-91.42","-38.879973","148.294572","11/05/2024 6:34",-38.857238,148.311476,115,35.596,17.254,"-113.9","-38.860181","148.311014","11/05/2024 6:43",24,"IN2024_V03",10073776,NA,35103022,"Thetys vagina","Thetys vagina","(null)",20,265,0
"53","Trawl","IN2024_V03",95,"IN2024_V03_095","N7.1","McKenna semi V-wing fish trawl","11/05/2024 2:56","11/05/2024 3:27",-38.872458,148.416936,142,35.607,17.333,"-139.9","-38.875465","148.413842","11/05/2024 3:36",-38.86706,148.425255,148,35.604,17.299,"-147.1","-38.869877","148.421951","11/05/2024 4:09",10,"IN2024_V03",10073749,NA,35103022,"Thetys vagina","Thetys vagina","(null)",100,7620,0
"54","Trawl","IN2024_V03",92,"IN2024_V03_092","N7.3","McKenna semi V-wing fish trawl","10/05/2024 21:05","10/05/2024 21:44",-38.863556,148.498131,334,35.588,17.207,"-327.4","-38.864078","148.486809","10/05/2024 22:15",-38.865119,148.531541,405,35.591,17.238,"-376.2","-38.865027","148.520226","10/05/2024 23:15",32,"IN2024_V03",10073718,NA,35100000,"Class Thaliacea","Thetys vagina","(null)",NA,120,0
"55","Trawl","IN2024_V03",87,"IN2024_V03_087","N5.3","McKenna semi V-wing fish trawl","10/05/2024 6:42","10/05/2024 7:29",-39.051375,148.622006,378,35.615,17.503,"-372","-39.045163","148.611939","10/05/2024 7:49",-39.062723,148.641222,418,35.612,17.495,"-404.2","-39.057088","148.630658","10/05/2024 8:22",20,"IN2024_V03",10073711,NA,35103022,"Thetys vagina","Thetys vagina","(null)",30,870,0
"56","Trawl","IN2024_V03",85,"IN2024_V03_085","N5.2","McKenna semi V-wing fish trawl","10/05/2024 0:48","10/05/2024 1:35",-39.074787,148.661837,486,35.629,17.623,"-495.1","-39.062136","148.657927","10/05/2024 2:02",-39.097565,148.66859,472,35.624,17.571,"(null)","(null)","(null)","10/05/2024 3:11",27,"IN2024_V03",10073680,NA,35103022,"Thetys vagina","Thetys vagina","(null)",100,2800,0
"57","Trawl","IN2024_V03",83,"IN2024_V03_083","N5.1","McKenna semi V-wing fish trawl","9/05/2024 21:04","9/05/2024 21:53",-39.095047,148.648531,392,35.622,17.585,"-387.1","-39.105381","148.651446","9/05/2024 22:24",-39.069493,148.644312,420,35.623,17.596,"(null)","(null)","(null)","9/05/2024 23:20",31,"IN2024_V03",10073656,NA,35100000,"Class Thaliacea","Thetys vagina","(null)",6,150,0
"58","Trawl","IN2024_V03",83,"IN2024_V03_083","N5.1","McKenna semi V-wing fish trawl","9/05/2024 21:04","9/05/2024 21:53",-39.095047,148.648531,392,35.622,17.585,"-387.1","-39.105381","148.651446","9/05/2024 22:24",-39.069493,148.644312,420,35.623,17.596,"(null)","(null)","(null)","9/05/2024 23:20",31,"IN2024_V03",10073655,NA,35100000,"Class Thaliacea","Thetys vagina","(null)",6,300,0
"59","Trawl","IN2024_V03",76,"IN2024_V03_076","N3.2","McKenna semi V-wing fish trawl","9/05/2024 4:19","9/05/2024 4:46",-39.540824,148.679614,112,35.615,17.459,"-108.1","-39.537952","148.678491","9/05/2024 4:56",-39.548748,148.683721,114,35.615,17.445,"-107.1","-39.546135","148.682066","9/05/2024 5:07",10,"IN2024_V03",10073611,NA,35100000,"Class Thaliacea","Thetys vagina","(null)",4,135,135
"60","Trawl","IN2024_V03",75,"IN2024_V03_075","N3.3","McKenna semi V-wing fish trawl","9/05/2024 1:16","9/05/2024 1:30",-39.467978,148.55484,53,35.622,17.157,"-51.57","-39.469257","148.552751","9/05/2024 1:48",-39.461933,148.572462,58,35.606,17.021,"-40.75","-39.463093","148.571048","9/05/2024 2:12",18,"IN2024_V03",NA,NA,NA,NA,NA,NA,NA,NA,NA
"61","Trawl","IN2024_V03",72,"IN2024_V03_072","N3.1","McKenna semi V-wing fish trawl","8/05/2024 20:32","8/05/2024 20:55",-39.486869,148.570891,58,35.632,17.33,"-53.91","-39.487866","148.568563","8/05/2024 21:19",-39.480349,148.59536,65,35.642,17.425,"-43.81","-39.481316","148.593206","8/05/2024 21:43",24,"IN2024_V03",10073552,NA,35103000,"Salpidae","Thetys vagina","(null)",2,130,0
"62","Trawl","IN2024_V03",66,"IN2024_V03_066","N1.1","McKenna semi V-wing fish trawl","8/05/2024 6:05","8/05/2024 6:24",-40.33077,148.762822,82,35.651,17.578,"-83.55","-40.333214","148.761691","8/05/2024 6:39",-40.319997,148.770903,87,35.652,17.655,"-84.69","-40.322408","148.769615","8/05/2024 6:55",15,"IN2024_V03",NA,NA,NA,NA,NA,NA,NA,NA,NA
"63","Trawl","IN2024_V03",63,"IN2024_V03_063","N1.3","McKenna semi V-wing fish trawl","8/05/2024 1:15","8/05/2024 1:35",-40.272383,148.704118,73,35.697,16.906,"-70.37","-40.274316","148.702581","8/05/2024 2:02",-40.255812,148.723859,79,35.643,17.491,"-47.36","-40.257506","148.722826","8/05/2024 2:45",27,"IN2024_V03",NA,NA,NA,NA,NA,NA,NA,NA,NA
"64","Trawl","IN2024_V03",56,"IN2024_V03_056","S11.2","McKenna semi V-wing fish trawl","7/05/2024 1:46","7/05/2024 2:04",-40.582114,148.721153,57,35.637,17.627,"-57.49","-40.58287","148.7187","7/05/2024 2:19",-40.57926,148.736325,59,35.643,17.645,"-57.29","-40.579981","148.733853","7/05/2024 3:06",14,"IN2024_V03",10073480,NA,35103022,"Thetys vagina","Thetys vagina","(null)",100,2222,0
"65","Trawl","IN2024_V03",53,"IN2024_V03_053","S11.1","McKenna semi V-wing fish trawl","6/05/2024 20:31","6/05/2024 20:50",-40.594233,148.717527,58,35.66,17.426,"-58.52","-40.594909","148.714739","6/05/2024 21:07",-40.593331,148.736001,61,35.645,17.569,"-39.87","-40.594122","148.733689","6/05/2024 21:33",17,"IN2024_V03",10073466,1,35100000,"Class Thaliacea","Thetys vagina","(null)",4,20,0
"66","Trawl","IN2024_V03",47,"IN2024_V03_047","S9.3b","McKenna semi V-wing fish trawl","6/05/2024 5:46","6/05/2024 6:11",-40.567674,148.798343,122,35.661,17.752,"-116.4","-40.57104","148.795779","6/05/2024 6:40",-40.549316,148.817641,147,35.659,17.775,"-147","-40.55256","148.815082","6/05/2024 6:51",29,"IN2024_V03",10073411,NA,35103022,"Thetys vagina","Thetys vagina","(null)",100,12220,0
"67","Trawl","IN2024_V03",45,"IN2024_V03_045","S9.1","McKenna semi V-wing fish trawl","6/05/2024 2:20","6/05/2024 2:44",-40.682939,148.738977,85,35.639,17.012,"-81.04","-40.680163","148.739391","6/05/2024 3:14",-40.707358,148.731392,89,35.66,17.028,"-71","-40.704838","148.731683","6/05/2024 3:40",31,"IN2024_V03",10073396,NA,35103022,"Thetys vagina","Thetys vagina","(null)",9,10,0
"68","Trawl","IN2024_V03",43,"IN2024_V03_043","S9.2","McKenna semi V-wing fish trawl","5/05/2024 20:37","5/05/2024 20:55",-40.630385,148.67874,63,35.716,16.58,"-62.5","-40.628374","148.679936","5/05/2024 21:16",-40.645789,148.668062,62,35.698,16.686,"-62.42","-40.643762","148.669146","5/05/2024 22:15",21,"IN2024_V03",10073360,NA,35100000,"Class Thaliacea","Thetys vagina","(null)",4,40,0
"69","Trawl","IN2024_V03",38,"IN2024_V03_038","S7.1","McKenna semi V-wing fish trawl","5/05/2024 6:13","5/05/2024 6:30",-41.178794,148.482426,110,35.587,16.8,"-89.19","-41.175434","148.481131","5/05/2024 6:50",-41.19513,148.482667,110,35.604,16.829,"-109.8","-41.191718","148.482232","5/05/2024 7:04",20,"IN2024_V03",10073287,NA,35103022,"Thetys vagina","Thetys vagina","(null)",19,735,0
"70","Trawl","IN2024_V03",37,"IN2024_V03_037","S7.3","McKenna semi V-wing fish trawl","5/05/2024 1:07","5/05/2024 1:31",-41.218817,148.518829,114,35.595,16.636,"-158.8","-41.215342","148.517978","5/05/2024 2:01",-41.243695,148.519126,113,35.581,16.555,"-162.2","-41.240257","148.518534","5/05/2024 2:25",30,"IN2024_V03",10073277,NA,35103022,"Thetys vagina","Thetys vagina","(null)",5,160,0
"71","Trawl","IN2024_V03",34,"IN2024_V03_034","S7.2","McKenna semi V-wing fish trawl","4/05/2024 20:30","4/05/2024 20:50",-41.230587,148.440571,105,35.596,16.687,"-132.2","-41.227653","148.439928","4/05/2024 21:21",-41.257062,148.441543,105,35.599,16.678,"-109","-41.254448","148.440979","4/05/2024 22:05",32,"IN2024_V03",10073250,NA,35103000,"Salpidae","Thetys vagina","(null)",3,40,0
"72","Trawl","IN2024_V03",29,"IN2024_V03_029","S5.1","McKenna semi V-wing fish trawl","4/05/2024 6:05","4/05/2024 6:29",-41.603401,148.470102,94,35.567,16.425,"-122.5","-41.604148","148.466271","4/05/2024 6:59",-41.602451,148.505008,102,35.607,16.75,"-133.3","-41.603391","148.501355","4/05/2024 7:11",30,"IN2024_V03",10073235,NA,35103022,"Thetys vagina","Thetys vagina","(null)",20,600,0
"73","Trawl","IN2024_V03",28,"IN2024_V03_028","S5.2","McKenna semi V-wing fish trawl","4/05/2024 4:02","4/05/2024 4:28",-41.572104,148.542318,119,35.622,16.943,"-163.4","-41.572771","148.53803","4/05/2024 4:49",-41.571844,148.563094,126,35.624,16.958,"-161.4","-41.572503","148.558895","4/05/2024 5:04",21,"IN2024_V03",10073184,NA,35103022,"Thetys vagina","Thetys vagina","(null)",100,1600,0
"74","Trawl","IN2024_V03",26,"IN2024_V03_026","S5.3","McKenna semi V-wing fish trawl","3/05/2024 23:31","3/05/2024 23:58",-41.59938,148.486927,97,35.568,16.403,"-127.3","-41.599898","148.483486","4/05/2024 0:21",-41.599044,148.513287,105,35.571,16.51,"-107.6","-41.599644","148.510002","4/05/2024 0:52",24,"IN2024_V03",10073182,NA,35103022,"Thetys vagina","Thetys vagina","(null)",100,4,0
"75","Trawl","IN2024_V03",24,"IN2024_V03_024","S5.1","McKenna semi V-wing fish trawl","3/05/2024 20:32","3/05/2024 20:56",-41.604504,148.467678,93,35.571,16.402,"(null)","(null)","(null)","3/05/2024 21:29",-41.604019,148.50694,103,35.577,16.482,"(null)","(null)","(null)","3/05/2024 21:52",33,"IN2024_V03",10073150,NA,35100000,"Class Thaliacea","Thetys vagina","(null)",100,6400,0
"76","Trawl","IN2024_V03",18,"IN2024_V03_018","S3.1","McKenna semi V-wing fish trawl","3/05/2024 5:19","3/05/2024 5:45",-41.766158,148.567785,132,35.584,16.555,"-172.1","-41.762454","148.566946","3/05/2024 6:15",-41.790806,148.569988,127,35.573,16.427,"-184.5","-41.78711","148.569921","3/05/2024 6:32",30,"IN2024_V03",10073130,NA,35103022,"Thetys vagina","Thetys vagina","(null)",6,300,0
"77","Trawl","IN2024_V03",16,"IN2024_V03_016","S3.3","McKenna semi V-wing fish trawl","3/05/2024 0:31","3/05/2024 0:55",-41.79213,148.548043,117,35.559,16.363,"-167.3","-41.790814","148.551727","3/05/2024 1:25",-41.803898,148.519392,109,35.582,16.482,"-133","-41.802245","148.523111","3/05/2024 1:54",30,"IN2024_V03",NA,NA,NA,NA,NA,NA,NA,NA,NA
"78","Trawl","IN2024_V03",14,"IN2024_V03_014","S3.2","McKenna semi V-wing fish trawl","2/05/2024 20:34","2/05/2024 20:53",-41.861733,148.435624,76,35.579,16.465,"-89.31","-41.859575","148.434922","2/05/2024 21:25",-41.889141,148.436255,75,35.573,16.438,"-84.23","-41.887071","148.435751","2/05/2024 21:45",32,"IN2024_V03",NA,NA,NA,NA,NA,NA,NA,NA,NA
"79","Trawl","IN2024_V03",8,"IN2024_V03_008","S1.2","McKenna semi V-wing fish trawl","2/05/2024 5:56","2/05/2024 6:55",-42.079243,148.619094,403,35.545,16.151,"-485.4","-42.069981","148.620226","2/05/2024 7:20",-42.100198,148.612539,344,35.529,16.04,"-490.5","-42.091296","148.615757","2/05/2024 7:43",26,"IN2024_V03",10073047,NA,35103022,"Thetys vagina","Thetys vagina","(null)",100,5930,0
"80","Trawl","IN2024_V03",5,"IN2024_V03_005","S1.3","McKenna semi V-wing fish trawl","2/05/2024 0:26","2/05/2024 1:00",-42.072695,148.546075,115,35.562,16.28,"-141.3","-42.069455","148.54742","2/05/2024 1:31",-42.097011,148.532633,116,35.581,16.375,"-143.9","-42.094032","148.533792","2/05/2024 2:05",32,"IN2024_V03",10073022,NA,35103022,"Thetys vagina","Thetys vagina","(null)",100,4160,0
"81","Trawl","IN2024_V03",4,"IN2024_V03_004","S1.1","McKenna semi V-wing fish trawl","1/05/2024 21:00","1/05/2024 21:30",-42.169959,148.508472,113,35.563,16.287,"-130.8","-42.166778","148.508797","1/05/2024 21:43",-42.184611,148.505323,113,35.559,16.263,"-130.8","-42.181381","148.505431","1/05/2024 22:55",13,"IN2024_V03",10073001,NA,35103022,"Thetys vagina","Thetys vagina","(null)",100,8800,0
"82","Trawl","IN2023_V05",247,"IN2023_V05_247","S6.5","McKenna semi V-wing fish trawl","28/07/2023 5:10","28/07/2023 5:56",-42.086883,148.616507,358,35.496,14.817,"-399.2","-42.094049","148.615655","28/07/2023 6:26",-42.062079,148.621021,422,35.5,14.827,"-396.2","-42.069075","148.620921","28/07/2023 7:30",29,"IN2023_V05",24712,NA,35103022,"Thetys vagina","Thetys vagina","(null)",2,120,0
"83","Trawl","IN2023_V05",244,"IN2023_V05_244","S6.1","McKenna semi V-wing fish trawl","27/07/2023 23:41","28/07/2023 0:05",-42.109304,148.525952,114,35.374,13.304,"-122","-42.11222","148.526193","28/07/2023 0:34",-42.084445,148.527757,115,35.376,13.256,"-101.7","-42.086989","148.527836","28/07/2023 0:57",29,"IN2023_V05",24411,NA,35103022,"Thetys vagina","Thetys vagina","(null)",1,50,0
"84","Trawl","IN2023_V05",243,"IN2023_V05_243","S6.3","McKenna semi V-wing fish trawl","27/07/2023 20:51","27/07/2023 21:15",-42.084039,148.564258,116,35.401,13.288,"-128.7","-42.087384","148.565009","27/07/2023 21:45",-42.058781,148.564406,119,35.393,13.281,"-128.2","-42.062154","148.564674","27/07/2023 22:15",30,"IN2023_V05",NA,NA,NA,NA,NA,NA,NA,NA,NA
"85","Trawl","IN2023_V05",236,"IN2023_V05_236","S5.3","McKenna semi V-wing fish trawl","27/07/2023 5:30","27/07/2023 5:55",-41.785106,148.569616,128,35.502,14.639,"-146.1","-41.788791","148.570453","27/07/2023 6:24",-41.761874,148.567153,133,35.49,14.586,"-123.1","-41.764616","148.567669","27/07/2023 6:52",29,"IN2023_V05",23611,NA,35103022,"Thetys vagina","Thetys vagina","(null)",12,560,0
"86","Trawl","IN2023_V05",233,"IN2023_V05_233","S5.1","McKenna semi V-wing fish trawl","26/07/2023 23:41","27/07/2023 0:03",-41.787859,148.460176,79,35.463,14.215,"-84.51","-41.788402","148.456731","27/07/2023 0:24",-41.785166,148.482563,84,35.462,14.265,"-68.86","-41.785612","148.479066","27/07/2023 0:55",21,"IN2023_V05",NA,NA,NA,NA,NA,NA,NA,NA,NA
"87","Trawl","IN2023_V05",232,"IN2023_V05_232","S5.2","McKenna semi V-wing fish trawl","26/07/2023 20:48","26/07/2023 21:14",-41.805681,148.514615,105,35.463,14.418,"-108.8","-41.807222","148.511281","26/07/2023 21:46",-41.793214,148.545429,115,35.509,14.667,"-115.9","-41.794548","148.541987","26/07/2023 22:11",32,"IN2023_V05",NA,NA,NA,NA,NA,NA,NA,NA,NA
"88","Trawl","IN2023_V05",218,"IN2023_V05_218","S2.3","McKenna semi V-wing fish trawl","25/07/2023 4:37","25/07/2023 5:03",-40.506113,148.820156,127,35.541,15.241,"-153","-40.505644","148.825067","25/07/2023 5:30",-40.506133,148.791923,77,35.522,15.058,"-86.56","-40.506166","148.796756","25/07/2023 8:32",27,"IN2023_V05",NA,NA,NA,NA,NA,NA,NA,NA,NA
"89","Trawl","IN2023_V05",215,"IN2023_V05_215","S2.2","McKenna semi V-wing fish trawl","24/07/2023 23:01","24/07/2023 23:21",-40.59386,148.729926,58,35.518,14.898,"-65.07","-40.593473","148.732722","24/07/2023 23:37",-40.594497,148.712553,60,35.523,14.873,"-41.28","-40.594172","148.71462","25/07/2023 0:05",16,"IN2023_V05",NA,NA,NA,NA,NA,NA,NA,NA,NA
"90","Trawl","IN2023_V05",214,"IN2023_V05_214","S2.1","McKenna semi V-wing fish trawl","24/07/2023 21:01","24/07/2023 21:21",-40.580318,148.731751,59,35.511,14.881,"-66.28","-40.579595","148.734445","24/07/2023 21:37",-40.583446,148.714071,59,35.519,14.907,"-57.94","-40.582645","148.716861","24/07/2023 22:07",16,"IN2023_V05",NA,NA,NA,NA,NA,NA,NA,NA,NA
"91","Trawl","IN2023_V05",206,"IN2023_V05_206","S3.1","McKenna semi V-wing fish trawl","24/07/2023 4:00","24/07/2023 4:21",-41.051634,148.502623,103,35.417,13.892,"-111.3","-41.051926","148.506523","24/07/2023 4:54",-41.04723,148.464229,92,35.41,13.837,"-72.02","-41.047195","148.46809","24/07/2023 5:30",33,"IN2023_V05",NA,NA,NA,NA,NA,NA,NA,NA,NA
"92","Trawl","IN2023_V05",203,"IN2023_V05_203","S3.2","McKenna semi V-wing fish trawl","23/07/2023 23:45","24/07/2023 0:04",-41.061126,148.470111,94,35.405,13.757,"-98.92","-41.060924","148.474113","24/07/2023 0:35",-41.058094,148.437335,82,35.412,13.761,"-83.91","-41.058068","148.44119","24/07/2023 0:59",30,"IN2023_V05",NA,NA,NA,NA,NA,NA,NA,NA,NA
"93","Trawl","IN2023_V05",202,"IN2023_V05_202","S3.3","McKenna semi V-wing fish trawl","23/07/2023 21:19","23/07/2023 21:45",-41.110412,148.469175,102,35.42,13.882,"-110.3","-41.110295","148.473097","23/07/2023 22:15",-41.10635,148.434888,90,35.418,13.804,"-92.76","-41.10614","148.438833","23/07/2023 22:49",30,"IN2023_V05",NA,NA,NA,NA,NA,NA,NA,NA,NA
"94","Trawl","IN2023_V05",199,"IN2023_V05_199","N21.1","McKenna semi V-wing fish trawl","23/07/2023 0:06","23/07/2023 0:47",-38.300257,149.021539,429,35.578,15.989,"-460.5","-38.295526","149.033157","23/07/2023 1:19",-38.311701,148.99048,444,35.604,16.401,"-440.4","-38.307952","149.001344","23/07/2023 2:03",32,"IN2023_V05",19911,NA,35103022,"Thetys vagina","Thetys vagina","(null)",8,302,0
"95","Trawl","IN2023_V05",198,"IN2023_V05_198","N21.3","McKenna semi V-wing fish trawl","22/07/2023 20:39","22/07/2023 21:05",-38.218654,149.149546,164,35.569,15.703,"-180.8","-38.216301","149.154564","22/07/2023 21:37",-38.229892,149.118834,176,35.571,15.817,"-169.7","-38.227683","149.123259","22/07/2023 22:07",32,"IN2023_V05",19811,NA,35103022,"Thetys vagina","Thetys vagina","(null)",NA,169,0
"96","Trawl","IN2023_V05",191,"IN2023_V05_191","N23.3","McKenna semi V-wing fish trawl","22/07/2023 6:21","22/07/2023 6:45",-38.108835,149.329281,155,35.573,15.737,"-170.2","-38.105528","149.332491","22/07/2023 7:19",-38.128825,149.302698,157,35.572,15.749,"-136.9","-38.12651","149.305499","22/07/2023 7:55",34,"IN2023_V05",19111,NA,35103022,"Thetys vagina","Thetys vagina","(null)",10,150,0
"97","Trawl","IN2023_V05",188,"IN2023_V05_188","N23.1","McKenna semi V-wing fish trawl","22/07/2023 0:15","22/07/2023 0:55",-38.218753,149.320496,306,35.565,15.955,"-345.1","-38.211941","149.326626","22/07/2023 1:22",-38.234575,149.30219,386,35.567,15.957,"-343.9","-38.228014","149.309334","22/07/2023 2:16",27,"IN2023_V05",18811,NA,35103022,"Thetys vagina","Thetys vagina","(null)",4,242,0
"98","Trawl","IN2023_V05",187,"IN2023_V05_187","N23.2","McKenna semi V-wing fish trawl","21/07/2023 20:55","21/07/2023 21:30",-38.209792,149.298244,274,35.567,15.931,"-300.9","-38.204931","149.304733","21/07/2023 22:01",-38.224646,149.271941,323,35.568,15.931,"-295.5","-38.219915","149.277961","21/07/2023 22:43",31,"IN2023_V05",18711,NA,35103022,"Thetys vagina","Thetys vagina","(null)",5,230,0
"99","Trawl","IN2023_V05",178,"IN2023_V05_178","N25.3","McKenna semi V-wing fish trawl","19/07/2023 4:20","19/07/2023 4:45",-37.883947,149.361373,117,35.609,15.67,"-126.6","-37.882569","149.365836","19/07/2023 5:17",-37.892222,149.331924,116,35.605,15.619,"-81.52","-37.890866","149.335802","19/07/2023 5:46",32,"IN2023_V05",NA,NA,NA,NA,NA,NA,NA,NA,NA
"100","Trawl","IN2023_V05",175,"IN2023_V05_175","N27.2","McKenna semi V-wing fish trawl","17/07/2023 23:51","18/07/2023 0:15",-38.113098,149.591752,152,35.578,16.468,"-168.2","-38.113288","149.597671","18/07/2023 0:32",-38.110655,149.574487,148,35.576,16.463,"-168.4","-38.111718","149.579232","18/07/2023 1:40",17,"IN2023_V05",17511,NA,35103022,"Thetys vagina","Thetys vagina","(null)",1,20,0
"101","Trawl","IN2023_V05",174,"IN2023_V05_174","N27.1","McKenna semi V-wing fish trawl","17/07/2023 20:54","17/07/2023 21:20",-38.129265,149.589484,158,35.575,16.417,"-175.8","-38.129719","149.594855","17/07/2023 21:51",-38.12405,149.55765,156,35.577,16.441,"-175.1","-38.124298","149.562936","17/07/2023 22:29",31,"IN2023_V05",17411,NA,35103022,"Thetys vagina","Thetys vagina","(null)",3,205,0
"102","Trawl","IN2023_V05",167,"IN2023_V05_167","N31.1","McKenna semi V-wing fish trawl","17/07/2023 5:00","17/07/2023 5:34",-37.952628,150.075266,325,35.577,16.341,"-358.6","-37.943992","150.077262","17/07/2023 6:08",-37.979246,150.069331,346,35.563,16.406,"-330.7","-37.972002","150.070048","17/07/2023 6:53",34,"IN2023_V05",16711,NA,35103022,"Thetys vagina","Thetys vagina","(null)",3,50,50
"103","Trawl","IN2023_V05",164,"IN2023_V05_164","N31.2","McKenna semi V-wing fish trawl","16/07/2023 23:32","17/07/2023 0:18",-37.991907,150.104793,481,35.563,16.3,"-541.3","-37.979738","150.110072","17/07/2023 0:52",-38.016388,150.090601,475,35.558,16.324,"-527.2","-38.006105","150.096534","17/07/2023 1:50",34,"IN2023_V05",16411,NA,35103022,"Thetys vagina","Thetys vagina","(null)",5,110,110
"104","Trawl","IN2023_V05",163,"IN2023_V05_163","N31.3","McKenna semi V-wing fish trawl","16/07/2023 20:38","16/07/2023 21:13",-37.916995,150.045504,232,35.568,16.445,"-257.7","-37.911535","150.049456","16/07/2023 21:44",-37.938132,150.029726,215,35.574,16.455,"-232.5","-37.933141","150.033606","16/07/2023 22:27",31,"IN2023_V05",16311,NA,35103022,"Thetys vagina","Thetys vagina","(null)",3,80,0
"105","Trawl","IN2023_V05",156,"IN2023_V05_156","N35.2","McKenna semi V-wing fish trawl","16/07/2023 4:11","16/07/2023 4:37",-37.672377,149.958193,107,35.641,14.909,"-109.6","-37.670804","149.962068","16/07/2023 5:08",-37.678794,149.927835,108,35.647,14.744,"-89.35","-37.677565","149.931404","16/07/2023 5:44",31,"IN2023_V05",NA,NA,NA,NA,NA,NA,NA,NA,NA
"106","Trawl","IN2023_V05",153,"IN2023_V05_153","N35.1","McKenna semi V-wing fish trawl","15/07/2023 23:31","15/07/2023 23:55",-37.618177,149.904726,97,35.646,14.49,"-103.1","-37.617319","149.908929","16/07/2023 0:25",-37.617246,149.873055,88,35.651,13.838,"-84.92","-37.616884","149.877408","16/07/2023 0:49",31,"IN2023_V05",NA,NA,NA,NA,NA,NA,NA,NA,NA
"107","Trawl","IN2023_V05",152,"IN2023_V05_152","N35.3","McKenna semi V-wing fish trawl","15/07/2023 20:27","15/07/2023 21:02",-37.656541,149.983254,105,35.654,14.171,"-107.8","-37.655003","149.987086","15/07/2023 21:31",-37.662657,149.956161,107,35.642,14.526,"-111","-37.660985","149.959965","(null)",30,"IN2023_V05",NA,NA,NA,NA,NA,NA,NA,NA,NA
"108","Trawl","IN2023_V05",145,"IN2023_V05_145","N33.2","McKenna semi V-wing fish trawl","15/07/2023 4:06","15/07/2023 4:34",-37.704507,150.126532,144,35.611,15.775,"-161.4","-37.700167","150.128705","15/07/2023 4:54",-37.719534,150.118999,144,35.617,15.584,"-155.6","-37.715339","150.121037","15/07/2023 5:30",20,"IN2023_V05",14511,NA,35103022,"Thetys vagina","Thetys vagina","(null)",1,NA,0
"109","Trawl","IN2023_V05",142,"IN2023_V05_142","N33.1","McKenna semi V-wing fish trawl","14/07/2023 22:57","14/07/2023 23:21",-37.759498,150.107769,150,35.596,16.646,"-165.9","-37.763773","150.106898","14/07/2023 23:53",-37.735172,150.118142,145,35.602,16.237,"-158","-37.738514","150.117997","15/07/2023 0:22",32,"IN2023_V05",NA,NA,NA,NA,NA,NA,NA,NA,NA
"110","Trawl","IN2023_V05",141,"IN2023_V05_141","N33.3","McKenna semi V-wing fish trawl","14/07/2023 20:52","14/07/2023 21:25",-37.737321,150.066911,139,35.617,15.583,"-141.5","-37.733183","150.068486","14/07/2023 21:47",-37.754191,150.060419,140,35.609,15.888,"-115.4","-37.750456","150.061627","14/07/2023 22:14",22,"IN2023_V05",NA,NA,NA,NA,NA,NA,NA,NA,NA
"111","Trawl","IN2023_V05",131,"IN2023_V05_131","N37.1","McKenna semi V-wing fish trawl","14/07/2023 4:19","14/07/2023 4:41",-37.465089,150.257918,162,35.599,16.651,"-174.9","-37.460721","150.260044","14/07/2023 5:13",-37.488932,150.246646,169,35.601,16.55,"-159.9","-37.484899","150.248805","14/07/2023 5:48",32,"IN2023_V05",NA,NA,NA,NA,NA,NA,NA,NA,NA
"112","Trawl","IN2023_V05",128,"IN2023_V05_128","N37.3","McKenna semi V-wing fish trawl","14/07/2023 0:00","14/07/2023 0:27",-37.422887,150.279027,166,35.585,16.548,"-165.2","-37.418448","150.280088","14/07/2023 0:42",-37.435167,150.27671,169,35.585,16.543,"-142.5","-37.430903","150.277739","14/07/2023 1:05",15,"IN2023_V05",12811,NA,35103022,"Thetys vagina","Thetys vagina","(null)",4,225,0
"113","Trawl","IN2023_V05",127,"IN2023_V05_127","N37.2","McKenna semi V-wing fish trawl","13/07/2023 20:47","13/07/2023 21:15",-37.391471,150.296914,171,35.584,16.732,"-178.5","-37.386951","150.298387","13/07/2023 21:46",-37.41438,150.288552,175,35.577,16.711,"-169.1","-37.410103","150.290169","13/07/2023 22:28",31,"IN2023_V05",12711,NA,35103022,"Thetys vagina","Thetys vagina","(null)",2,50,0
"114","Trawl","IN2023_V05",117,"IN2023_V05_117","N43.3","McKenna semi V-wing fish trawl","13/07/2023 2:10","13/07/2023 2:44",-36.864805,150.123918,93,35.623,15.971,"-98.2","-36.861745","150.124004","13/07/2023 3:13",-36.889189,150.118689,91,35.615,15.907,"-100.6","-36.886166","150.11903","13/07/2023 3:46",30,"IN2023_V05",11711,NA,35103022,"Thetys vagina","Thetys vagina","(null)",1,40,0
"115","Trawl","IN2023_V05",114,"IN2023_V05_114","N43.1","McKenna semi V-wing fish trawl","12/07/2023 22:23","12/07/2023 22:44",-36.941719,150.098871,85,35.618,15.871,"-93.59","-36.944279","150.098437","12/07/2023 23:16",-36.915891,150.1073,87,35.62,15.863,"-73.17","-36.917985","150.106986","12/07/2023 23:45",32,"IN2023_V05",11412,NA,35103022,"Thetys vagina","Thetys vagina","(null)",1,10,10
"116","Trawl","IN2023_V05",113,"IN2023_V05_113","N43.2","McKenna semi V-wing fish trawl","12/07/2023 20:27","12/07/2023 20:47",-36.920551,150.127314,93,35.617,15.876,"-101.1","-36.917546","150.127732","12/07/2023 21:18",-36.9456,150.120139,89,35.617,15.856,"-64.16","-36.943036","150.120353","12/07/2023 21:46",30,"IN2023_V05",NA,NA,NA,NA,NA,NA,NA,NA,NA
"117","Trawl","IN2023_V05",104,"IN2023_V05_104","N45.2","McKenna semi V-wing fish trawl","11/07/2023 23:10","12/07/2023 0:00",-36.425822,150.350064,500,35.643,17.559,"-528.3","-36.41348","150.347998","12/07/2023 0:30",-36.44951,150.355241,564,35.635,17.494,"-570.8","-36.43823","150.351843","12/07/2023 1:31",30,"IN2023_V05",10411,NA,35103022,"Thetys vagina","Thetys vagina","(null)",NA,293,293
"118","Trawl","IN2023_V05",103,"IN2023_V05_103","N45.3","McKenna semi V-wing fish trawl","11/07/2023 20:37","11/07/2023 21:09",-36.373488,150.335075,323,35.628,15.342,"-353.1","-36.381071","150.332662","11/07/2023 21:47",-36.343183,150.347233,425,35.624,15.453,"-393.3","-36.349539","150.344989","11/07/2023 22:30",38,"IN2023_V05",10311,NA,35103022,"Thetys vagina","Thetys vagina","(null)",2,5,0
"119","Trawl","IN2023_V05",97,"IN2023_V05_097","N45.1","McKenna semi V-wing fish trawl","9/07/2023 20:46","9/07/2023 21:14",-36.371198,150.318552,193,35.594,16.877,"-218.8","-36.365783","150.31969","9/07/2023 21:44",-36.395622,150.313418,200,35.593,16.81,"-213.6","-36.390272","150.314419","(null)",30,"IN2023_V05",NA,NA,NA,NA,NA,NA,NA,NA,NA
"120","Trawl","IN2023_V05",88,"IN2023_V05_088","N41.1","McKenna semi V-wing fish trawl","8/07/2023 23:54","9/07/2023 0:18",-37.126387,150.24528,112,35.638,15.207,"-124.7","-37.127513","150.249027","9/07/2023 0:38",-37.116841,150.229803,109,35.636,14.864,"-120.5","-37.117682","150.233711","9/07/2023 1:38",20,"IN2023_V05",NA,NA,NA,NA,NA,NA,NA,NA,NA
"121","Trawl","IN2023_V05",87,"IN2023_V05_087","N41.3","McKenna semi V-wing fish trawl","8/07/2023 20:45","8/07/2023 21:21",-37.149016,150.31224,121,35.614,16.007,"-135.6","-37.149188","150.316416","8/07/2023 21:53",-37.137543,150.282008,118,35.624,15.799,"-119.7","-37.137931","150.285713","8/07/2023 22:32",32,"IN2023_V05",NA,NA,NA,NA,NA,NA,NA,NA,NA
"122","Trawl","IN2023_V05",81,"IN2023_V05_081","N39.3","McKenna semi V-wing fish trawl","8/07/2023 5:18","8/07/2023 5:37",-37.342331,150.043715,74,35.644,15.17,"-77.33","-37.343128","150.040732","8/07/2023 6:00",-37.337572,150.066775,84,35.646,15.044,"-76.52","-37.338174","150.063984","8/07/2023 6:35",23,"IN2023_V05",NA,NA,NA,NA,NA,NA,NA,NA,NA
"123","Trawl","IN2023_V05",79,"IN2023_V05_079","N39.1","McKenna semi V-wing fish trawl","7/07/2023 23:20","7/07/2023 23:47",-37.327466,150.079399,89,35.635,15.761,"-88.62","-37.329757","150.077422","8/07/2023 0:19",-37.307406,150.098995,93,35.64,15.844,"-86.37","-37.309541","150.097458","8/07/2023 0:52",32,"IN2023_V05",NA,NA,NA,NA,NA,NA,NA,NA,NA
"124","Trawl","IN2023_V05",78,"IN2023_V05_078","N39.2","McKenna semi V-wing fish trawl","7/07/2023 20:34","7/07/2023 20:58",-37.321022,150.058428,78,35.637,15.841,"-86","-37.323498","150.0587","7/07/2023 21:27",-37.296623,150.058496,72,35.642,15.857,"-73.97","-37.298957","150.058666","7/07/2023 22:09",30,"IN2023_V05",NA,NA,NA,NA,NA,NA,NA,NA,NA
"125","Trawl","IN2023_V05",68,"IN2023_V05_068","N11.2","McKenna semi V-wing fish trawl","6/07/2023 4:01","6/07/2023 4:28",-38.949783,148.326128,81,35.568,15.689,"-90.9","-38.951603","148.328346","6/07/2023 5:00",-38.927701,148.310857,85,35.576,15.649,"-71.84","-38.929194","148.313087","6/07/2023 5:22",32,"IN2023_V05",6811,NA,35103022,"Thetys vagina","Thetys vagina","(null)",NA,1300,0
"126","Trawl","IN2023_V05",65,"IN2023_V05_065","N11.3","McKenna semi V-wing fish trawl","5/07/2023 23:08","5/07/2023 23:30",-38.955683,148.319775,80,35.561,15.493,"-89.22","-38.957995","148.32096","6/07/2023 0:00",-38.934412,148.305682,83,35.556,15.522,"-75.86","-38.936526","148.306729","6/07/2023 0:25",31,"IN2023_V05",6511,NA,35103022,"Thetys vagina","Thetys vagina","(null)",NA,193,0
"127","Trawl","IN2023_V05",64,"IN2023_V05_064","N11.1","McKenna semi V-wing fish trawl","5/07/2023 20:37","5/07/2023 21:01",-38.946534,148.339553,91,35.559,15.451,"-98.34","-38.949001","148.340422","5/07/2023 21:38",-38.921885,148.322278,91,35.561,15.48,"-76.43","-38.923594","148.323703","5/07/2023 22:02",36,"IN2023_V05",6411,NA,35103022,"Thetys vagina","Thetys vagina","(null)",NA,105,0
"128","Trawl","IN2023_V05",57,"IN2023_V05_057","N9.2","McKenna semi V-wing fish trawl","5/07/2023 5:50","5/07/2023 6:30",-39.070253,148.660125,487,35.553,15.538,"-499.5","-39.077931","148.663217","5/07/2023 7:02",-39.045953,148.651873,502,35.564,15.742,"-497","-39.054138","148.656378","5/07/2023 7:47",32,"IN2023_V05",5711,NA,35103022,"Thetys vagina","Thetys vagina","(null)",NA,3520,0
"129","Trawl","IN2023_V05",54,"IN2023_V05_054","N9.3","McKenna semi V-wing fish trawl","5/07/2023 0:00","5/07/2023 0:30",-39.039898,148.594978,443,35.564,15.748,"-439.2","-39.044339","148.5885","5/07/2023 0:55",-39.029081,148.616356,432,35.571,15.965,"-420.4","-39.03343","148.608308","5/07/2023 1:38",25,"IN2023_V05",5411,NA,35103022,"Thetys vagina","Thetys vagina","(null)",NA,996,0
"130","Trawl","IN2023_V05",53,"IN2023_V05_053","N9.1","McKenna semi V-wing fish trawl","4/07/2023 21:00","4/07/2023 21:33",-39.101102,148.649259,381,35.568,15.965,"-397.4","-39.108258","148.650899","4/07/2023 22:05",-39.076013,148.645099,416,35.569,15.927,"-456","-39.084286","148.647217","4/07/2023 23:01",32,"IN2023_V05",5311,NA,35103022,"Thetys vagina","Thetys vagina","(null)",NA,5601,0
"131","Trawl","IN2023_V05",46,"IN2023_V05_046","N7.3","McKenna semi V-wing fish trawl","4/07/2023 6:09","4/07/2023 6:34",-39.314974,148.62821,132,35.554,15.939,"-141","-39.31761","148.624692","4/07/2023 7:02",-39.300249,148.650444,259,35.545,15.957,"-127.7","-39.302316","148.647769","4/07/2023 7:29",29,"IN2023_V05",10070406,NA,35103022,"Thetys vagina","Thetys vagina","(null)",NA,11600,90
"132","Trawl","IN2023_V05",43,"IN2023_V05_043","N7.2","McKenna semi V-wing fish trawl","3/07/2023 23:30","4/07/2023 0:08",-39.2939,148.656411,355,35.545,15.953,"-314.7","-39.29805","148.65133","4/07/2023 0:24",-39.285745,148.667795,362,35.546,15.953,"-388.5","-39.290669","148.66213","4/07/2023 1:10",16,"IN2023_V05",4311,NA,35103022,"Thetys vagina","Thetys vagina","(null)",NA,4960,0
"133","Trawl","IN2023_V05",42,"IN2023_V05_042","N7.1","McKenna semi V-wing fish trawl","3/07/2023 20:31","3/07/2023 21:03",-39.340354,148.601728,112,35.562,15.935,"-116.6","-39.342528","148.599113","3/07/2023 21:30",-39.326549,148.622062,174,35.549,15.957,"-121.3","-39.328879","148.619395","3/07/2023 22:07",26,"IN2023_V05",4211,NA,35103022,"Thetys vagina","Thetys vagina","(null)",NA,900,0
"134","Trawl","IN2023_V05",35,"IN2023_V05_035","N5.1","McKenna semi V-wing fish trawl","3/07/2023 5:34","3/07/2023 5:58",-39.473013,148.554199,53,35.578,15.285,"-45.37","-39.471432","148.553257","3/07/2023 6:15",-39.485312,148.559959,55,35.589,15.087,"-42.17","-39.483956","148.559061","3/07/2023 6:20",17,"IN2023_V05",10070309,NA,35103022,"Thetys vagina","Thetys vagina","(null)",9,200,200
"135","Trawl","IN2023_V05",32,"IN2023_V05_032","N5.3","McKenna semi V-wing fish trawl","3/07/2023 0:30","3/07/2023 0:58",-39.473266,148.573182,59,35.568,15.459,"-66.24","-39.47151","148.572064","3/07/2023 1:25",-39.495613,148.583528,62,35.589,14.872,"-51.54","-39.49417","148.58301","(null)",27,"IN2023_V05",10070232,NA,35103022,"Thetys vagina","Thetys vagina","(null)",NA,1700,160
"136","Trawl","IN2023_V05",31,"IN2023_V05_031","N5.2","McKenna semi V-wing fish trawl","2/07/2023 20:52","2/07/2023 21:19",-39.537475,148.678383,112,35.573,16.226,"-124.6","-39.535029","148.676298","2/07/2023 21:46",-39.558886,148.689492,120,35.571,16.267,"-111.6","-39.556725","148.687995","2/07/2023 22:14",27,"IN2023_V05",10070183,NA,35103022,"Thetys vagina","Thetys vagina","(null)",NA,6700,6700
"137","Trawl","IN2023_V05",24,"IN2023_V05_024","N3.1","McKenna semi V-wing fish trawl","2/07/2023 4:55","2/07/2023 5:19",-40.04701,148.713334,99,35.573,14.827,"-109.5","-40.044098","148.714092","2/07/2023 5:54",-40.073259,148.700772,93,35.561,15.273,"-72.36","-40.071174","148.701028","2/07/2023 6:22",34,"IN2023_V05",10070140,NA,35103022,"Thetys vagina","Thetys vagina","Salps",11,330,330
"138","Trawl","IN2023_V05",22,"IN2023_V05_022","N3.3","McKenna semi V-wing fish trawl","2/07/2023 0:55","2/07/2023 1:23",-40.05679,148.719233,100,35.57,15.21,"-109.4","-40.053854","148.719825","2/07/2023 1:48",-40.076647,148.709298,98,35.569,15.465,"-88.09","-40.074068","148.709662","2/07/2023 2:19",26,"IN2023_V05",10070107,NA,35103022,"Thetys vagina","Thetys vagina","Salps",9,300,300
"139","Trawl","IN2023_V05",20,"IN2023_V05_020","N3.2","McKenna semi V-wing fish trawl","1/07/2023 20:32","1/07/2023 20:57",-40.099887,148.751132,110,35.554,15.416,"-105.7","-40.096587","148.752493","1/07/2023 21:22",-40.118057,148.74144,106,35.552,15.432,"-121.5","-40.114827","148.742878","1/07/2023 22:03",25,"IN2023_V05",10070071,NA,35103000,"Salpidae","Thetys vagina","Salps",7,110,110
"140","Trawl","IN2023_V05",12,"IN2023_V05_012","N1.1","McKenna semi V-wing fish trawl","1/07/2023 2:37","1/07/2023 3:06",-40.326173,148.767401,85,35.52,14.746,"-83.97","-40.323211","148.768471","1/07/2023 3:24",-40.339184,148.757921,86,35.527,14.954,"-61.83","-40.337037","148.758457","1/07/2023 3:51",19,"IN2023_V05",NA,NA,NA,NA,NA,NA,NA,NA,NA
"141","Trawl","IN2023_V05",10,"IN2023_V05_010","N1.2","McKenna semi V-wing fish trawl","30/06/2023 21:43","30/06/2023 22:15",-40.353371,148.776441,93,35.523,15.133,"-65.18","-40.350858","148.777346","30/06/2023 22:30",-40.363424,148.768743,86,35.507,15.089,"-67.89","-40.36143","148.769774","30/06/2023 23:09",14,"IN2023_V05",NA,NA,NA,NA,NA,NA,NA,NA,NA
